"date","Q","swe"
2013-01-01,0,5.6
2013-01-02,0,5.6
2013-01-03,0,5.7
2013-01-04,0,5.7
2013-01-05,0,5.7
2013-01-06,0,5.7
2013-01-07,0,5.8
2013-01-08,0,5.8
2013-01-09,0,5.8
2013-01-10,0,5.8
2013-01-11,0,5.8
2013-01-12,0,5.7
2013-01-13,0,5.7
2013-01-14,0,5.7
2013-01-15,0,5.7
2013-01-16,0,6
2013-01-17,0,6
2013-01-18,0,6
2013-01-19,0,6
2013-01-20,0,6
2013-01-21,0,5.9
2013-01-22,0,5.9
2013-01-23,0,6
2013-01-24,0,6
2013-01-25,0,6
2013-01-26,0,6
2013-01-27,0,6
2013-01-28,0,6.1
2013-01-29,0,6.5
2013-01-30,0,6.6
2013-01-31,0,7
2013-02-01,0,7
2013-02-02,0,7.1
2013-02-03,0,7.2
2013-02-04,0,7.2
2013-02-05,0,7.2
2013-02-06,0,7.2
2013-02-07,0,7.3
2013-02-08,0,7.3
2013-02-09,0,7.4
2013-02-10,0,7.9
2013-02-11,0,8
2013-02-12,0,8.1
2013-02-13,0,8.1
2013-02-14,0,8.1
2013-02-15,0,8.7
2013-02-16,0,9.1
2013-02-17,0,9.1
2013-02-18,0,9.3
2013-02-19,0,9.4
2013-02-20,0,9.4
2013-02-21,0,9.4
2013-02-22,0,9.4
2013-02-23,0,9.4
2013-02-24,0,9.8
2013-02-25,0,10
2013-02-26,0,10.2
2013-02-27,0,10.2
2013-02-28,0,10.2
2013-03-01,0,10.5
2013-03-02,0,10.9
2013-03-03,0,11
2013-03-04,0,11.5
2013-03-05,0,11.8
2013-03-06,0,12
2013-03-07,21.2,12
2013-03-08,28.6,12
2013-03-09,23.5,12.3
2013-03-10,29.5,12.5
2013-03-11,23.5,12.6
2013-03-12,22.2,13
2013-03-13,21.5,13.1
2013-03-14,26.9,13.1
2013-03-15,31.9,13.1
2013-03-16,38,13.1
2013-03-17,31.9,13.1
2013-03-18,17.3,13
2013-03-19,18.7,13
2013-03-20,23.6,13
2013-03-21,29.7,13.2
2013-03-22,24.7,13.3
2013-03-23,30.4,13.4
2013-03-24,38.2,13.6
2013-03-25,37.8,13.9
2013-03-26,35.4,14.1
2013-03-27,30.3,14.4
2013-03-28,28.7,14.6
2013-03-29,33,14.6
2013-03-30,35.2,14.7
2013-03-31,36.8,14.9
2013-04-01,36.2,14.9
2013-04-02,36.2,14.9
2013-04-03,29.8,15
2013-04-04,23.4,15.1
2013-04-05,25.8,14.9
2013-04-06,26.1,15.1
2013-04-07,27.8,15.5
2013-04-08,26.6,15.8
2013-04-09,32.7,15.8
2013-04-10,21.7,15.6
2013-04-11,20.8,16
2013-04-12,24.2,16.7
2013-04-13,24.9,16.7
2013-04-14,25.4,17.9
2013-04-15,29.4,18
2013-04-16,34.2,18.9
2013-04-17,25.7,19.3
2013-04-18,29.6,20.1
2013-04-19,26.4,20.5
2013-04-20,54.2,20.8
2013-04-21,49.3,21.4
2013-04-22,55.8,21.5
2013-04-23,53.9,22
2013-04-24,49.9,22.1
2013-04-25,60.6,22.1
2013-04-26,68,22.1
2013-04-27,90.2,22.1
2013-04-28,136,22.1
2013-04-29,124,21.9
2013-04-30,114,21.1
2013-05-01,95,22
2013-05-02,59.6,22.8
2013-05-03,53.8,22.8
2013-05-04,102,22.9
2013-05-05,167,22.9
2013-05-06,171,23
2013-05-07,118,22.8
2013-05-08,112,22.9
2013-05-09,168,23.6
2013-05-10,199,23.6
2013-05-11,195,22.9
2013-05-12,172,22.7
2013-05-13,380,22.2
2013-05-14,551,21.5
2013-05-15,725,20.4
2013-05-16,597,20.2
2013-05-17,773,19.2
2013-05-18,883,18
2013-05-19,630,17.9
2013-05-20,530,18.2
2013-05-21,468,18.8
2013-05-22,617,18.8
2013-05-23,741,18.7
2013-05-24,1140,18.1
2013-05-25,1360,16.8
2013-05-26,1490,15.9
2013-05-27,1440,15
2013-05-28,1340,14.5
2013-05-29,1280,13.9
2013-05-30,1230,13.7
2013-05-31,1200,13.6
2013-06-01,1170,12.9
2013-06-02,1310,12.6
2013-06-03,1550,11
2013-06-04,1490,9.9
2013-06-05,1740,8.9
2013-06-06,1840,7.9
2013-06-07,1700,6.4
2013-06-08,1850,5.1
2013-06-09,1840,3.1
2013-06-10,1760,0.6
2013-06-11,1650,0
2013-06-12,1720,0
2013-06-13,1790,0
2013-06-14,1780,0
2013-06-15,1680,0
2013-06-16,1550,0
2013-06-17,1390,0
2013-06-18,1210,0
2013-06-19,1070,0
2013-06-20,1030,0
2013-06-21,983,0
2013-06-22,944,0
2013-06-23,898,0
2013-06-24,859,0
2013-06-25,782,0
2013-06-26,762,0
2013-06-27,728,0
2013-06-28,730,0
2013-06-29,799,0
2013-06-30,792,0
2013-07-01,817,0
2013-07-02,569,0
2013-07-03,449,0
2013-07-04,445,0
2013-07-05,439,0
2013-07-06,637,0
2013-07-07,709,0
2013-07-08,596,0
2013-07-09,375,0
2013-07-10,462,0
2013-07-11,477,0
2013-07-12,505,0
2013-07-13,481,0
2013-07-14,487,0
2013-07-15,553,0
2013-07-16,528,0
2013-07-17,483,0
2013-07-18,467,0
2013-07-19,428,0
2013-07-20,377,0
2013-07-21,386,0
2013-07-22,409,0
2013-07-23,366,0
2013-07-24,311,0
2013-07-25,308,0
2013-07-26,284,0
2013-07-27,223,0
2013-07-28,337,0
2013-07-29,382,0
2013-07-30,351,0
2013-07-31,351,0
2013-08-01,280,0
2013-08-02,193,0
2013-08-03,166,0
2013-08-04,311,0
2013-08-05,282,0
2013-08-06,240,0
2013-08-07,267,0
2013-08-08,276,0
2013-08-09,244,0
2013-08-10,234,0
2013-08-11,235,0
2013-08-12,188,0
2013-08-13,165,0
2013-08-14,200,0
2013-08-15,229,0
2013-08-16,251,0
2013-08-17,252,0
2013-08-18,251,0
2013-08-19,243,0
2013-08-20,184,0
2013-08-21,138,0
2013-08-22,138,0
2013-08-23,178,0
2013-08-24,192,0
2013-08-25,212,0
2013-08-26,275,0
2013-08-27,214,0
2013-08-28,184,0
2013-08-29,195,0
2013-08-30,151,0
2013-08-31,119,0
2013-09-01,125,0
2013-09-02,105,0
2013-09-03,60.2,0
2013-09-04,44.7,0
2013-09-05,77.2,0
2013-09-06,159,0
2013-09-07,130,0
2013-09-08,134,0
2013-09-09,164,0
2013-09-10,177,0
2013-09-11,242,0
2013-09-12,2750,0
2013-09-13,5610,0
2013-09-14,3760,0
2013-09-15,3490,0
2013-09-16,3480,0
2013-09-17,2590,0
2013-09-18,2050,0
2013-09-19,1640,0
2013-09-20,1300,0
2013-09-21,1090,0
2013-09-22,897,0
2013-09-23,840,0
2013-09-24,674,0.3
2013-09-25,548,0
2013-09-26,470,0
2013-09-27,385,0
2013-09-28,359,0.3
2013-09-29,346,0.2
2013-09-30,253,0
2013-10-01,131,0
2013-10-02,77.8,0
2013-10-03,73,0
2013-10-04,106,0
2013-10-05,79.1,0.5
2013-10-06,52.1,0.4
2013-10-07,90,0.2
2013-10-08,119,0
2013-10-09,110,0
2013-10-10,75.6,0
2013-10-11,100,0.4
2013-10-12,80,0.3
2013-10-13,69.6,0.3
2013-10-14,111,0
2013-10-15,142,0.9
2013-10-16,161,0.7
2013-10-17,67.2,0.8
2013-10-18,93.6,1
2013-10-19,57.1,1.1
2013-10-20,72.6,1.2
2013-10-21,91.9,1.8
2013-10-22,118,1.8
2013-10-23,68,1.8
2013-10-24,123,1.6
2013-10-25,231,1.5
2013-10-26,265,1.4
2013-10-27,318,1.4
2013-10-28,371,1.4
2013-10-29,351,1.6
2013-10-30,321,2
2013-10-31,329,2
2013-11-01,329,2.3
2013-11-02,300,2.5
2013-11-03,121,2.6
2013-11-04,55.3,2.6
2013-11-05,45.9,2.8
2013-11-06,23.1,2.8
2013-11-07,71.7,2.9
2013-11-08,117,2.9
2013-11-09,114,2.9
2013-11-10,102,2.9
2013-11-11,93.2,2.9
2013-11-12,72.2,2.9
2013-11-13,43.2,2.9
2013-11-14,47.4,2.9
2013-11-15,170,2.9
2013-11-16,258,2.9
2013-11-17,257,3.1
2013-11-18,213,3
2013-11-19,221,3.1
2013-11-20,303,3.2
2013-11-21,286,3.6
2013-11-22,300,3.9
2013-11-23,319,4
2013-11-24,311,4
2013-11-25,315,4
2013-11-26,262,4
2013-11-27,249,4
2013-11-28,255,4.1
2013-11-29,257,4.1
2013-11-30,247,4.2
2013-12-01,243,4.5
2013-12-02,256,4.6
2013-12-03,255,4.7
2013-12-04,260,4.9
2013-12-05,259,5.6
2013-12-06,259,5.7
2013-12-07,259,5.7
2013-12-08,259,5.7
2013-12-09,259,5.7
2013-12-10,259,5.9
2013-12-18,0,6.4
2013-12-19,0,6.4
2013-12-20,0,6.3
2013-12-21,0,6.1
2013-12-22,0,6.1
2013-12-23,0,6.4
2013-12-24,0,6.5
2013-12-25,0,7
2013-12-26,0,7
2013-12-27,0,7
2013-12-28,0,7
2013-12-29,0,7
2013-12-30,0,7
2013-12-31,0,7.1
2014-01-01,0,7.2
2014-01-02,0,7.7
2014-01-03,0,7.7
2014-01-04,0,7.8
2014-01-05,0,8.2
2014-01-06,0,8.2
2014-01-07,0,8.3
2014-01-08,0,8.4
2014-01-09,0,8.6
2014-01-10,0,8.9
2014-01-11,0,9.1
2014-01-12,0,9.2
2014-01-13,0,9.3
2014-01-14,0,9.3
2014-01-15,0,9.7
2014-01-16,0,9.6
2014-01-17,0,9.6
2014-01-18,0,9.5
2014-01-19,0,9.5
2014-01-20,0,9.5
2014-01-21,0,9.4
2014-01-22,0,9.4
2014-01-23,0,9.4
2014-01-24,0,9.4
2014-01-25,0,9.5
2014-01-26,0,9.5
2014-01-27,0,9.6
2014-01-28,0,10.1
2014-01-29,0,10.2
2014-01-30,0,10.7
2014-01-31,0,11.4
2014-02-01,0,11.5
2014-02-02,0,11.5
2014-02-03,0,11.5
2014-02-04,0,11.6
2014-02-05,0,11.8
2014-02-06,0,11.8
2014-02-07,0,12
2014-02-08,0,12.7
2014-02-09,0,13.5
2014-02-10,0,15
2014-02-11,0,15.4
2014-02-12,0,15.6
2014-02-13,0,15.6
2014-02-14,0,15.6
2014-02-15,0,15.6
2014-02-16,0,16
2014-02-17,0,16.7
2014-02-18,0,16.8
2014-02-19,0,16.8
2014-02-20,50.8,17.2
2014-02-21,107,17.2
2014-02-22,120,17.2
2014-02-23,110,17.4
2014-02-24,110,17.5
2014-02-25,126,17.6
2014-02-26,138,17.7
2014-02-27,135,17.8
2014-02-28,135,18.3
2014-03-01,137,18.6
2014-03-02,126,18.9
2014-03-03,122,18.9
2014-03-04,135,19.1
2014-03-05,141,19.4
2014-03-06,140,19.5
2014-03-07,156,19.5
2014-03-08,145,20.2
2014-03-09,146,20.2
2014-03-10,157,20.4
2014-03-11,167,20.5
2014-03-12,148,20.5
2014-03-13,152,20.7
2014-03-14,159,20.7
2014-03-15,157,20.7
2014-03-16,147,20.7
2014-03-17,155,20.8
2014-03-18,151,21
2014-03-19,142,21.1
2014-03-20,149,21.2
2014-03-21,152,21.2
2014-03-22,155,21.2
2014-03-23,143,21.6
2014-03-24,162,21.6
2014-03-25,163,21.6
2014-03-26,166,21.6
2014-03-27,171,21.6
2014-03-28,171,22.1
2014-03-29,169,22.1
2014-03-30,173,22.2
2014-03-31,185,22.3
2014-04-01,230,22.8
2014-04-02,234,22.9
2014-04-03,186,23
2014-04-04,164,23.2
2014-04-05,159,23.3
2014-04-06,192,23.4
2014-04-07,190,23.8
2014-04-08,188,24.4
2014-04-09,196,24.5
2014-04-10,234,24.5
2014-04-11,280,24.5
2014-04-12,324,24.5
2014-04-13,392,24.7
2014-04-14,349,25.7
2014-04-15,92.2,25.8
2014-04-16,127,25.8
2014-04-17,139,26.1
2014-04-18,162,26.1
2014-04-19,191,25.5
2014-04-20,249,25.5
2014-04-21,239,25.4
2014-04-22,254,25.3
2014-04-23,344,25.2
2014-04-24,241,25.4
2014-04-25,243,25.4
2014-04-26,288,25.4
2014-04-27,505,25.7
2014-04-28,654,26.8
2014-04-29,559,27.2
2014-04-30,503,28.5
2014-05-01,534,28.9
2014-05-02,516,29.1
2014-05-03,521,29.5
2014-05-04,587,29.5
2014-05-05,779,29
2014-05-06,943,28.7
2014-05-07,1030,28.3
2014-05-08,1180,28.1
2014-05-09,1230,27.9
2014-05-10,1020,28.1
2014-05-11,1060,28.8
2014-05-12,939,30.3
2014-05-13,818,30.7
2014-05-14,826,30.7
2014-05-15,639,30.9
2014-05-16,733,31.2
2014-05-17,913,32.1
2014-05-18,1120,32.6
2014-05-19,1280,32.6
2014-05-20,1550,32.6
2014-05-21,1940,32.2
2014-05-22,2470,31.9
2014-05-23,2760,31
2014-05-24,3350,30.8
2014-05-25,4160,31.2
2014-05-26,4510,30.3
2014-05-27,3850,29.8
2014-05-28,4280,26.8
2014-05-29,4510,26.5
2014-05-30,4670,25.5
2014-05-31,5570,25.6
2014-06-01,5180,25
2014-06-02,4870,23.6
2014-06-03,4670,22.5
2014-06-04,4650,20.7
2014-06-05,4470,19.4
2014-06-06,4260,17.9
2014-06-07,3910,16.4
2014-06-08,3940,14.9
2014-06-09,3270,14.6
2014-06-10,2980,14.1
2014-06-11,2430,11.7
2014-06-12,2550,9.6
2014-06-13,2760,8.1
2014-06-14,2850,5.7
2014-06-15,2570,4.9
2014-06-16,2290,4
2014-06-17,2030,2.7
2014-06-18,2090,1.1
2014-06-19,2140,0.4
2014-06-20,1860,0.2
2014-06-21,1800,0
2014-06-22,1720,0
2014-06-23,1710,0
2014-06-24,1750,0
2014-06-25,1760,0
2014-06-26,1720,0
2014-06-27,1740,0
2014-06-28,1660,0
2014-06-29,1480,0
2014-06-30,1430,0
2014-07-01,1430,0
2014-07-02,1460,0
2014-07-03,1420,0
2014-07-04,1410,0
2014-07-05,1270,0
2014-07-06,1280,0
2014-07-07,1260,0
2014-07-08,1250,0
2014-07-09,1130,0
2014-07-10,1090,0
2014-07-11,1160,0
2014-07-12,1240,0
2014-07-13,1230,0
2014-07-14,1060,0
2014-07-15,973,0
2014-07-16,1080,0
2014-07-17,1100,0
2014-07-18,829,0
2014-07-19,635,0
2014-07-20,690,0
2014-07-21,751,0
2014-07-22,709,0
2014-07-23,608,0
2014-07-24,588,0
2014-07-25,620,0
2014-07-26,731,0
2014-07-27,712,0
2014-07-28,631,0
2014-07-29,700,0
2014-07-30,879,0
2014-07-31,1030,0
2014-08-01,777,0
2014-08-02,663,0
2014-08-03,524,0
2014-08-04,533,0
2014-08-05,662,0
2014-08-06,677,0
2014-08-07,689,0
2014-08-08,682,0
2014-08-09,693,0
2014-08-10,718,0
2014-08-11,734,0
2014-08-12,695,0
2014-08-13,614,0
2014-08-14,661,0
2014-08-15,613,0
2014-08-16,615,0
2014-08-17,631,0
2014-08-18,595,0
2014-08-19,583,0
2014-08-20,587,0
2014-08-21,546,0
2014-08-22,525,0
2014-08-23,438,0
2014-08-24,527,0
2014-08-25,522,0
2014-08-26,532,0
2014-08-27,490,0
2014-08-28,481,0
2014-08-29,339,0
2014-08-30,289,0
2014-08-31,276,0
2014-09-01,435,0
2014-09-02,522,0
2014-09-03,483,0
2014-09-04,482,0
2014-09-05,340,0
2014-09-06,271,0
2014-09-07,171,0
2014-09-08,154,0
2014-09-09,192,0
2014-09-10,271,0
2014-09-11,264,0
2014-09-12,219,0
2014-09-13,210,0
2014-09-14,296,0
2014-09-15,308,0
2014-09-16,315,0
2014-09-17,316,0
2014-09-18,232,0
2014-09-19,91.6,0
2014-09-20,138,0
2014-09-21,187,0
2014-09-22,193,0
2014-09-23,174,0
2014-09-24,129,0
2014-09-25,91.1,0
2014-09-26,74,0
2014-09-27,100,0
2014-09-28,133,0
2014-09-29,160,0
2014-09-30,225,0.3
2014-10-01,220,0.3
2014-10-02,189,0.3
2014-10-03,158,0.2
2014-10-04,138,0.2
2014-10-05,140,0
2014-10-06,152,0
2014-10-07,151,0
2014-10-08,146,0
2014-10-09,141,0
2014-10-10,164,0
2014-10-11,167,0
2014-10-12,159,0
2014-10-13,154,0.5
2014-10-14,134,0.4
2014-10-15,146,0.3
2014-10-16,163,0.1
2014-10-17,156,0
2014-10-18,154,0
2014-10-19,150,0
2014-10-20,137,0
2014-10-21,137,0
2014-10-22,139,0
2014-10-23,139,0
2014-10-24,136,0
2014-10-25,133,0
2014-10-26,131,0
2014-10-27,140,0.6
2014-10-28,144,0.5
2014-10-29,142,0.5
2014-10-30,147,0.5
2014-10-31,147,0.5
2014-11-01,149,0.5
2014-11-02,144,0.5
2014-11-03,153,0.7
2014-11-04,159,1.2
2014-11-05,170,1.2
2014-11-06,182,1.2
2014-11-07,181,1.3
2014-11-08,185,1.4
2014-11-09,180,1.4
2014-11-10,179,1.4
2014-11-11,170,1.7
2014-11-12,112,1.7
2014-11-13,103,1.8
2014-11-14,88,2.3
2014-11-15,0,2.4
2014-11-16,0,2.7
2014-11-17,0,2.8
2014-11-18,0,2.8
2014-11-19,0,3
2014-11-20,0,3
2014-11-21,0,3
2014-11-22,0,3
2014-11-23,0,3.5
2014-11-24,0,3.7
2014-11-25,0,4.5
2014-11-26,0,5
2014-11-27,0,5
2014-11-28,0,5
2014-11-29,0,5
2014-11-30,0,5
2014-12-01,0,5
2014-12-02,0,5.1
2014-12-03,0,5.1
2014-12-04,0,5.1
2014-12-05,0,5.1
2014-12-06,0,5.1
2014-12-07,0,5.1
2014-12-08,0,5.1
2014-12-09,0,5.1
2014-12-10,0,5.1
2014-12-11,0,5.1
2014-12-12,0,5.1
2014-12-13,0,5.1
2014-12-14,0,5.1
2014-12-15,0,5.5
2014-12-16,0,5.5
2014-12-17,0,5.8
2014-12-18,0,5.8
2014-12-19,0,5.8
2014-12-20,0,5.8
2014-12-21,0,5.8
2014-12-22,0,7
2014-12-23,0,7.5
2014-12-24,0,7.6
2014-12-25,0,7.9
2014-12-26,0,8.2
2014-12-27,0,8.2
2014-12-28,0,8.4
2014-12-29,0,8.6
2014-12-30,0,8.6
2014-12-31,0,8.6
2015-01-01,0,8.9
2015-01-02,0,8.9
2015-01-03,0,9
2015-01-04,0,9.1
2015-01-05,0,9.2
2015-01-06,0,9.3
2015-01-07,0,9.3
2015-01-08,0,9.3
2015-01-09,0,9.2
2015-01-10,0,9.2
2015-01-11,0,9.2
2015-01-12,0,9.4
2015-01-13,0,9.4
2015-01-14,0,9.4
2015-01-15,0,9.4
2015-01-16,0,9.4
2015-01-17,0,9.6
2015-01-18,0,9.7
2015-01-19,0,9.7
2015-01-20,0,9.7
2015-01-21,0,9.7
2015-01-22,0,9.7
2015-01-23,0,9.7
2015-01-24,0,9.7
2015-01-25,0,9.7
2015-01-26,0,9.7
2015-01-27,0,9.7
2015-01-28,0,9.7
2015-01-29,0,9.7
2015-01-30,0,9.7
2015-01-31,0,9.7
2015-02-01,0,10
2015-02-02,0,10.1
2015-02-03,0,10.3
2015-02-04,0,10.8
2015-02-05,0,11.9
2015-02-06,0,11.9
2015-02-07,0,11.7
2015-02-08,0,11.5
2015-02-09,0,11.4
2015-02-10,75.3,11.4
2015-02-11,121,11.5
2015-02-12,115,11.6
2015-02-13,117,11.7
2015-02-14,114,11.7
2015-02-15,118,11.7
2015-02-16,118,11.7
2015-02-17,89.5,11.8
2015-02-18,92.6,12
2015-02-19,111,12.1
2015-02-20,121,12.2
2015-02-21,113,12.7
2015-02-22,104,12.8
2015-02-23,74.4,12.8
2015-02-24,81.9,12.8
2015-02-25,123,13.1
2015-02-26,115,13.5
2015-02-27,111,13.5
2015-02-28,110,13.5
2015-03-01,110,13.7
2015-03-02,112,14.1
2015-03-03,112,14.9
2015-03-04,112,15.2
2015-03-05,110,15.2
2015-03-06,112,15.3
2015-03-07,111,15.4
2015-03-08,114,15.5
2015-03-09,118,15.5
2015-03-10,125,15.6
2015-03-11,131,15.6
2015-03-12,142,15.7
2015-03-13,145,15.7
2015-03-14,153,15.7
2015-03-15,149,15.9
2015-03-16,181,15.9
2015-03-17,205,15.9
2015-03-18,214,15.9
2015-03-19,211,15.9
2015-03-20,200,15.9
2015-03-21,185,15.9
2015-03-22,186,15.6
2015-03-23,191,15.6
2015-03-24,191,16.1
2015-03-25,187,16.7
2015-03-26,182,17.1
2015-03-27,177,17.1
2015-03-28,186,17.1
2015-03-29,196,16.5
2015-03-30,215,16.3
2015-03-31,211,16.3
2015-04-01,216,16.3
2015-04-02,234,16.3
2015-04-03,234,16.5
2015-04-04,217,16.5
2015-04-05,219,16.6
2015-04-06,222,16.6
2015-04-07,221,16.6
2015-04-08,226,16.6
2015-04-09,227,16.6
2015-04-10,218,16.9
2015-04-11,214,17.1
2015-04-12,210,17.1
2015-04-13,209,17
2015-04-14,214,16.9
2015-04-15,247,16.3
2015-04-16,305,15.8
2015-04-17,385,16.6
2015-04-18,344,17.8
2015-04-19,384,18.4
2015-04-20,422,18.4
2015-04-21,459,18.7
2015-04-22,540,18.9
2015-04-23,483,19.2
2015-04-24,570,19.4
2015-04-25,613,19.4
2015-04-26,732,19.7
2015-04-27,990,19.8
2015-04-28,953,19.8
2015-04-29,918,19.8
2015-04-30,1060,19.5
2015-05-01,1130,18.8
2015-05-02,1150,18.5
2015-05-03,1100,17.9
2015-05-04,1100,18
2015-05-05,1170,17.7
2015-05-06,1250,17.7
2015-05-07,1380,17.8
2015-05-08,1690,17.8
2015-05-09,2340,17.9
2015-05-10,2710,18
2015-05-11,2420,18.5
2015-05-12,2310,18.6
2015-05-13,2160,18.6
2015-05-14,2130,18.6
2015-05-15,2020,18.4
2015-05-16,1920,18.3
2015-05-17,1780,18.3
2015-05-18,1690,18.8
2015-05-19,2070,18.8
2015-05-20,2330,19.1
2015-05-21,2300,19.3
2015-05-22,2320,19.4
2015-05-23,2510,19.6
2015-05-24,2550,19.6
2015-05-25,2470,19.6
2015-05-26,2320,19.6
2015-05-27,2280,19.1
2015-05-28,2260,18.2
2015-05-29,2230,17.3
2015-05-30,2160,16.9
2015-05-31,2250,16.2
2015-06-01,2530,14.8
2015-06-02,2650,13.6
2015-06-03,2990,13.2
2015-06-04,3120,13
2015-06-05,3290,12.4
2015-06-06,3320,10.9
2015-06-07,3050,9.9
2015-06-08,2880,9.1
2015-06-09,2900,7.8
2015-06-10,3010,6.3
2015-06-11,3630,6.3
2015-06-12,3910,5.3
2015-06-13,3710,4
2015-06-14,3320,2.9
2015-06-15,3000,1.8
2015-06-16,2820,0.2
2015-06-17,3120,0
2015-06-18,2770,0
2015-06-19,2590,0
2015-06-20,2490,0
2015-06-21,2210,0
2015-06-22,1960,0
2015-06-23,1820,0
2015-06-24,1640,0
2015-06-25,1450,0
2015-06-26,1400,0
2015-06-27,1500,0
2015-06-28,1380,0
2015-06-29,1280,0
2015-06-30,1280,0
2015-07-01,1350,0
2015-07-02,1320,0
2015-07-03,1250,0
2015-07-04,1190,0
2015-07-05,1120,0
2015-07-06,1300,0
2015-07-07,1340,0
2015-07-08,1680,0
2015-07-09,1990,0
2015-07-10,1540,0
2015-07-11,1300,0
2015-07-12,1230,0
2015-07-13,1220,0
2015-07-14,1200,0
2015-07-15,1220,0
2015-07-16,1040,0
2015-07-17,963,0
2015-07-18,931,0
2015-07-19,925,0
2015-07-20,877,0
2015-07-21,854,0
2015-07-22,868,0
2015-07-23,823,0
2015-07-24,747,0
2015-07-25,632,0
2015-07-26,641,0
2015-07-27,604,0
2015-07-28,573,0
2015-07-29,523,0
2015-07-30,498,0
2015-07-31,482,0
2015-08-01,460,0
2015-08-02,452,0
2015-08-03,441,0
2015-08-04,440,0
2015-08-05,394,0
2015-08-06,386,0
2015-08-07,378,0
2015-08-08,372,0
2015-08-09,361,0
2015-08-10,367,0
2015-08-11,349,0
2015-08-12,349,0
2015-08-13,363,0
2015-08-14,363,0
2015-08-15,309,0
2015-08-16,284,0
2015-08-17,266,0
2015-08-18,220,0
2015-08-19,223,0
2015-08-20,229,0
2015-08-21,197,0
2015-08-22,170,0
2015-08-23,149,0
2015-08-24,125,0
2015-08-25,118,0
2015-08-26,114,0
2015-08-27,120,0
2015-08-28,137,0
2015-08-29,98,0
2015-08-30,57.5,0
2015-08-31,39.2,0
2015-09-01,32.5,0
2015-09-02,38.7,0
2015-09-03,52.2,0
2015-09-04,81.9,0
2015-09-05,90.6,0
2015-09-06,173,0
2015-09-07,199,0
2015-09-08,191,0
2015-09-09,155,0
2015-09-10,130,0
2015-09-11,121,0
2015-09-12,95.9,0
2015-09-13,60.5,0
2015-09-14,39.5,0
2015-09-15,59.5,0
2015-09-16,65.1,0
2015-09-17,46.3,0
2015-09-18,50,0
2015-09-19,37.5,0
2015-09-20,35.5,0
2015-09-21,58.1,0
2015-09-22,70.5,0
2015-09-23,66.9,0
2015-09-24,66.4,0
2015-09-25,61.3,0
2015-09-26,48.2,0
2015-09-27,48.5,0
2015-09-28,50.7,0
2015-09-29,55.8,0
2015-09-30,61.1,0
2015-10-01,62.5,0
2015-10-02,66.9,0
2015-10-03,76.4,0
2015-10-04,80.8,0
2015-10-05,80.3,0
2015-10-06,68.7,0
2015-10-07,79.9,0
2015-10-08,93.7,0
2015-10-09,77.6,0
2015-10-10,66.9,0
2015-10-11,56.5,0
2015-10-12,53.2,0
2015-10-13,47.7,0
2015-10-14,56.2,0
2015-10-15,69.8,0
2015-10-16,71.4,0
2015-10-17,74.7,0
2015-10-18,65.3,0
2015-10-19,48,0
2015-10-20,48.9,0
2015-10-21,56.2,0
2015-10-22,129,0
2015-10-23,152,0.9
2015-10-24,94.7,1
2015-10-25,77.7,1
2015-10-26,74.6,1
2015-10-27,79.2,1.2
2015-10-28,90.2,1.4
2015-10-29,74.4,1.4
2015-10-30,73.9,1.4
2015-10-31,77.8,1.4
2015-11-01,72.6,1.5
2015-11-02,68.6,1.5
2015-11-03,64.2,1.5
2015-11-04,67.4,1.5
2015-11-05,77.9,1.6
2015-11-06,68.8,1.9
2015-11-07,54,2.1
2015-11-08,46,2.1
2015-11-09,67.1,2.2
2015-11-10,73.6,2.3
2015-11-11,82.3,2.4
2015-11-12,54.8,2.5
2015-11-13,48.1,2.5
2015-11-14,69.3,2.5
2015-11-15,69.2,2.5
2015-11-16,71.8,2.6
2015-11-17,79,2.8
2015-11-18,63.3,2.9
2015-11-19,62.5,2.7
2015-11-20,77.5,2.7
2015-11-21,64.3,2.7
2015-11-22,65.9,2.8
2015-11-23,74.7,2.9
2015-11-24,87,3
2015-11-25,95.5,3
2015-11-26,88.1,2.9
2015-11-27,72.2,2.9
2015-11-28,72.5,2.9
2015-11-29,74.6,2.9
2015-11-30,36.5,3
2015-12-01,0,3
2015-12-02,0,3.1
2015-12-03,0,3.3
2015-12-04,0,3.3
2015-12-05,0,3.3
2015-12-06,0,3.3
2015-12-07,0,3.3
2015-12-08,0,3.3
2015-12-09,0,3.1
2015-12-10,0,3.1
2015-12-11,0,3.1
2015-12-12,0,3.5
2015-12-13,0,3.8
2015-12-14,0,3.8
2015-12-15,0,4
2015-12-16,0,4.5
2015-12-17,0,4.6
2015-12-18,0,4.6
2015-12-19,0,4.7
2015-12-20,0,4.8
2015-12-21,0,4.8
2015-12-22,0,4.9
2015-12-23,0,5.7
2015-12-24,0,5.8
2015-12-25,0,5.8
2015-12-26,0,5.8
2015-12-27,0,5.8
2015-12-28,0,5.8
2015-12-29,0,6
2015-12-30,0,6.1
2015-12-31,0,6.1
2016-01-01,0,6.1
2016-01-02,0,6.1
2016-01-03,0,6.4
2016-01-04,0,6.5
2016-01-05,0,6.5
2016-01-06,0,6.5
2016-01-07,0,6.5
2016-01-08,0,6.8
2016-01-09,0,6.8
2016-01-10,0,6.8
2016-01-11,0,6.8
2016-01-12,0,6.8
2016-01-13,0,6.9
2016-01-14,0,6.9
2016-01-15,0,6.9
2016-01-16,0,7.1
2016-01-17,0,7.5
2016-01-18,0,8.1
2016-01-19,0,8.3
2016-01-20,0,8.4
2016-01-21,0,8.4
2016-01-22,0,8.4
2016-01-23,0,8.6
2016-01-24,0,8.6
2016-01-25,0,8.9
2016-01-26,0,9.1
2016-01-27,0,9.1
2016-01-28,0,9.3
2016-01-29,0,9.4
2016-01-30,0,9.4
2016-01-31,0,10
2016-02-01,0,10.2
2016-02-02,0,10.6
2016-02-03,0,10.7
2016-02-04,0,10.7
2016-02-05,0,11
2016-02-06,0,11.1
2016-02-07,0,11.3
2016-02-08,0,11.3
2016-02-09,0,11.3
2016-02-10,0,11.3
2016-02-11,0,11.3
2016-02-12,0,11.3
2016-02-13,0,11.3
2016-02-14,0,11.2
2016-02-15,0,11.2
2016-02-16,0,11.3
2016-02-17,0,11.3
2016-02-18,0,11.4
2016-02-19,42.9,11.4
2016-02-20,78.6,11.4
2016-02-21,68.8,11.2
2016-02-22,64.2,11.1
2016-02-23,74.4,11.2
2016-02-24,52.5,11.2
2016-02-25,54.2,11.3
2016-02-26,67.1,11.4
2016-02-27,71.1,11.4
2016-02-28,67.8,11.4
2016-02-29,66.2,11.4
2016-03-01,55.9,11.4
2016-03-02,64.9,11.5
2016-03-03,57.8,11.5
2016-03-04,57.3,11.6
2016-03-05,58.2,11.6
2016-03-06,58.9,11.6
2016-03-07,62.5,11.7
2016-03-08,59.5,12.1
2016-03-09,55.6,12.1
2016-03-10,56.9,12.2
2016-03-11,66.5,12.2
2016-03-12,67.5,12.2
2016-03-13,69.6,12.3
2016-03-14,70.8,12.3
2016-03-15,69.9,12.7
2016-03-16,61.3,12.8
2016-03-17,66.1,12.9
2016-03-18,65.5,14.1
2016-03-19,79,14.1
2016-03-20,108,14.1
2016-03-21,124,14.3
2016-03-22,124,14.4
2016-03-23,190,14.5
2016-03-24,152,15.4
2016-03-25,147,15.8
2016-03-26,148,15.9
2016-03-27,145,15.9
2016-03-28,171,16.1
2016-03-29,190,16.1
2016-03-30,222,17
2016-03-31,218,17.6
2016-04-01,199,17.8
2016-04-02,194,18
2016-04-03,213,18.2
2016-04-04,249,18.2
2016-04-05,298,18.2
2016-04-06,315,18.6
2016-04-07,304,18.6
2016-04-08,327,18.5
2016-04-09,346,18.3
2016-04-10,392,18
2016-04-11,454,18
2016-04-12,453,17.9
2016-04-13,461,17.7
2016-04-14,483,17.4
2016-04-15,534,17.1
2016-04-16,568,17.7
2016-04-17,543,19.2
2016-04-18,492,19.7
2016-04-19,541,19.8
2016-04-20,566,19.9
2016-04-21,470,20.2
2016-04-22,553,20
2016-04-23,703,19.9
2016-04-24,754,19.8
2016-04-25,725,19.8
2016-04-26,854,20
2016-04-27,732,20.6
2016-04-28,749,20.8
2016-04-29,732,21
2016-04-30,726,21.4
2016-05-01,690,21.7
2016-05-02,628,21.7
2016-05-03,774,21.7
2016-05-04,815,21.5
2016-05-05,849,21.2
2016-05-06,965,20.7
2016-05-07,1250,20
2016-05-08,1950,20.7
2016-05-09,2090,21.3
2016-05-10,1980,21.8
2016-05-11,1850,22
2016-05-12,1770,22
2016-05-13,1660,21.9
2016-05-14,1650,21.2
2016-05-15,1760,20.5
2016-05-16,2050,20.3
2016-05-17,2060,20.5
2016-05-18,1950,20.5
2016-05-19,1910,20.3
2016-05-20,1910,19.8
2016-05-21,2060,18.9
2016-05-22,2290,18.2
2016-05-23,2350,17.5
2016-05-24,1970,17.4
2016-05-25,1940,16.9
2016-05-26,1840,16.3
2016-05-27,1670,16.2
2016-05-28,1590,16.4
2016-05-29,1590,16
2016-05-30,1600,15.7
2016-05-31,1650,15.2
2016-06-01,1720,14.7
2016-06-02,1840,14
2016-06-03,2070,12.9
2016-06-04,2350,11.8
2016-06-05,2480,10.9
2016-06-06,2310,10.1
2016-06-07,2350,9.3
2016-06-08,2600,9.2
2016-06-09,2780,8.9
2016-06-10,2980,7.7
2016-06-11,3180,6.4
2016-06-12,3440,5.1
2016-06-13,3350,4.2
2016-06-14,3040,3.5
2016-06-15,2580,1.9
2016-06-16,2360,0
2016-06-17,2150,0
2016-06-18,2020,0
2016-06-19,1870,0
2016-06-20,1870,0
2016-06-21,1900,0
2016-06-22,1770,0
2016-06-23,1630,0
2016-06-24,1720,0
2016-06-25,1720,0
2016-06-26,1540,0
2016-06-27,1330,0
2016-06-28,1230,0
2016-06-29,1170,0
2016-06-30,1160,0
2016-07-01,1230,0
2016-07-02,1170,0
2016-07-03,1070,0
2016-07-04,974,0
2016-07-05,946,0
2016-07-06,1040,0
2016-07-07,928,0
2016-07-08,788,0
2016-07-09,733,0
2016-07-10,674,0
2016-07-11,649,0
2016-07-12,599,0
2016-07-13,539,0
2016-07-14,512,0
2016-07-15,489,0
2016-07-16,480,0
2016-07-17,479,0
2016-07-18,544,0
2016-07-19,575,0
2016-07-20,560,0
2016-07-21,577,0
2016-07-22,500,0
2016-07-23,480,0
2016-07-24,425,0
2016-07-25,400,0
2016-07-26,370,0
2016-07-27,334,0
2016-07-28,315,0
2016-07-29,308,0
2016-07-30,290,0
2016-07-31,316,0
2016-08-01,315,0
2016-08-02,308,0
2016-08-03,348,0
2016-08-04,348,0
2016-08-05,320,0
2016-08-06,275,0
2016-08-07,253,0
2016-08-08,230,0
2016-08-09,213,0
2016-08-10,218,0
2016-08-11,203,0
2016-08-12,136,0
2016-08-13,123,0
2016-08-14,234,0
2016-08-15,262,0
2016-08-16,263,0
2016-08-17,267,0
2016-08-18,270,0
2016-08-19,215,0
2016-08-20,176,0
2016-08-21,222,0
2016-08-22,214,0
2016-08-23,177,0
2016-08-24,161,0
2016-08-25,172,0
2016-08-26,100,0
2016-08-27,77.8,0
2016-08-28,98,0
2016-08-29,108,0
2016-08-30,121,0
2016-08-31,114,0
2016-09-01,108,0
2016-09-02,92.5,0
2016-09-03,49,0
2016-09-04,41.4,0
2016-09-05,47.5,0
2016-09-06,48,0
2016-09-07,44.9,0
2016-09-08,43.8,0
2016-09-09,43,0
2016-09-10,38.7,0
2016-09-11,41.9,0
2016-09-12,40.5,0
2016-09-13,48.2,0
2016-09-14,55.5,0
2016-09-15,52.4,0
2016-09-16,46.3,0
2016-09-17,44.8,0
2016-09-18,39.4,0
2016-09-19,33.5,0
2016-09-20,32.2,0
2016-09-21,39.7,0
2016-09-22,40.5,0
2016-09-23,41.6,0
2016-09-24,40.7,0
2016-09-25,46.1,0
2016-09-26,48.5,0
2016-09-27,47.7,0
2016-09-28,45.1,0
2016-09-29,39.9,0
2016-09-30,36.2,0
2016-10-01,37.7,0
2016-10-02,40.1,0
2016-10-03,38.3,0
2016-10-04,52.2,0
2016-10-05,46.7,0
2016-10-06,56.8,0
2016-10-07,58.4,0.5
2016-10-08,48.5,0.5
2016-10-09,48.7,0.4
2016-10-10,57,0
2016-10-11,46.6,0
2016-10-12,52.5,0.5
2016-10-13,64.6,0
2016-10-14,61.9,0
2016-10-15,54.7,0
2016-10-16,51.6,0
2016-10-17,43.5,0
2016-10-18,48.7,0.2
2016-10-19,55.4,0.3
2016-10-20,58.8,0.3
2016-10-21,56.5,0.3
2016-10-22,53.4,0
2016-10-23,54.5,0
2016-10-24,51.8,0
2016-10-25,49.2,0
2016-10-26,54,0
2016-10-27,60.3,0
2016-10-28,56.9,0
2016-10-29,53.4,0
2016-10-30,53.1,0
2016-10-31,53.6,0
2016-11-01,53,0
2016-11-02,61.7,0.2
2016-11-03,63,0
2016-11-04,66.4,0.1
2016-11-05,62.6,0.1
2016-11-06,62.2,0.1
2016-11-07,55.7,0.1
2016-11-08,55.6,0.1
2016-11-09,52.4,0.3
2016-11-10,48.8,0.4
2016-11-11,49,0.4
2016-11-12,50.2,0.6
2016-11-13,50.5,0.6
2016-11-14,47.8,0.7
2016-11-15,44.4,0.8
2016-11-16,47.7,0.8
2016-11-17,49.6,0.7
2016-11-18,45.8,1.1
2016-11-19,27,1.1
2016-11-20,49.3,1.4
2016-11-21,64.2,1.4
2016-11-22,59,1.8
2016-11-23,53.3,1.9
2016-11-24,37,2
2016-11-25,37.7,2
2016-11-26,31.3,2.1
2016-11-27,43.4,2.2
2016-11-28,48.8,2.2
2016-11-29,49.9,2.2
2016-11-30,83.7,2.3
2016-12-01,8.77,2.3
2016-12-02,0,2.6
2016-12-03,0,2.7
2016-12-04,0,2.7
2016-12-05,0,3
2016-12-06,0,3
2016-12-07,0,3.2
2016-12-08,0,3.2
2016-12-09,0,3.9
2016-12-10,0,4.1
2016-12-11,0,4.8
2016-12-12,0,5.1
2016-12-13,0,4.8
2016-12-14,0,4.8
2016-12-15,0,5.2
2016-12-16,0,5.2
2016-12-17,0,6
2016-12-18,0,5.9
2016-12-19,0,6.2
2016-12-20,0,6.4
2016-12-21,0,6.5
2016-12-22,0,6.7
2016-12-23,0,7.1
2016-12-24,0,7.1
2016-12-25,0,7.1
2016-12-26,0,7.5
2016-12-27,0,7.5
2016-12-28,0,7.6
2016-12-29,0,7.6
2016-12-30,0,7.6
2016-12-31,0,7.6
2017-01-01,0,7.6
2017-01-02,0,7.6
2017-01-03,0,8
2017-01-04,0,8.1
2017-01-05,0,8.9
2017-01-06,0,8.9
2017-01-07,0,9
2017-01-08,0,9.5
2017-01-09,0,10.7
2017-01-10,0,12.8
2017-01-11,0,12.8
2017-01-12,0,13.4
2017-01-13,0,13.5
2017-01-14,0,13.7
2017-01-15,0,13.7
2017-01-16,0,13.7
2017-01-17,0,13.7
2017-01-18,0,13.7
2017-01-19,0,13.8
2017-01-20,0,13.9
2017-01-21,0,13.9
2017-01-22,0,14
2017-01-23,0,14.1
2017-01-24,0,14.4
2017-01-25,0,14.4
2017-01-26,0,14.4
2017-01-27,0,14.4
2017-01-28,0,14.5
2017-01-29,0,14.6
2017-01-30,0,14.8
2017-01-31,0,15
2017-02-01,0,15
2017-02-02,0,15
2017-02-03,0,15
2017-02-04,0,15.2
2017-02-05,0,15.2
2017-02-06,0,15.2
2017-02-07,0,15.2
2017-02-08,45.1,15.5
2017-02-09,92.3,15.5
2017-02-10,106,15.6
2017-02-11,125,15.6
2017-02-12,121,16.1
2017-02-13,101,16.2
2017-02-14,88.7,16.2
2017-02-15,71.6,16.2
2017-02-16,22.6,16.2
2017-02-17,26.9,16.2
2017-02-18,25.2,16.2
2017-02-19,25.4,16.2
2017-02-20,27.2,16.4
2017-02-21,28,16.5
2017-02-22,29,16.6
2017-02-23,30.6,16.6
2017-02-24,28.8,16.9
2017-02-25,37.4,16.9
2017-02-26,43,16.9
2017-02-27,36.8,17
2017-02-28,37.5,17.3
2017-03-01,41.3,17.5
2017-03-02,34.9,17.5
2017-03-03,32.1,17.7
2017-03-04,32.5,17.9
2017-03-05,32.7,17.9
2017-03-06,33,17.9
2017-03-07,30.2,18.1
2017-03-08,36.8,18.2
2017-03-09,35.2,18.2
2017-03-10,32.1,18.2
2017-03-11,32.2,18
2017-03-12,33.4,18
2017-03-13,33.8,18
2017-03-14,33.7,18
2017-03-15,33.3,18
2017-03-16,33.5,18
2017-03-17,32.4,17.9
2017-03-18,42.2,17.7
2017-03-19,52.6,17.3
2017-03-20,61.7,17
2017-03-21,81.5,16.9
2017-03-22,81.8,16.9
2017-03-23,94.7,16.6
2017-03-24,126,16.5
2017-03-25,121,16.6
2017-03-26,113,17
2017-03-27,114,17.1
2017-03-28,131,17.1
2017-03-29,134,17.7
2017-03-30,106,17.8
2017-03-31,87.7,17.8
2017-04-01,72.1,17.5
2017-04-02,73,17.4
2017-04-03,72,17.8
2017-04-04,72.2,17.7
2017-04-05,57.3,18.6
2017-04-06,41.4,18.9
2017-04-07,41,18.8
2017-04-08,44.3,18.6
2017-04-09,47.6,18.5
2017-04-10,44.7,18.5
2017-04-11,44.9,18.5
2017-04-12,42.9,18.5
2017-04-13,43.5,18.3
2017-04-14,73.3,17.8
2017-04-15,110,17.2
2017-04-16,117,16.7
2017-04-17,149,16.3
2017-04-18,138,15.9
2017-04-19,154,15.5
2017-04-20,156,15.5
2017-04-21,154,16
2017-04-22,110,17
2017-04-23,81.7,17
2017-04-24,94.8,17
2017-04-25,148,17.6
2017-04-26,155,17.6
2017-04-27,137,18
2017-04-28,134,18.5
2017-04-29,113,18.5
2017-04-30,81.2,18.7
2017-05-01,124,19.2
2017-05-02,150,19.2
2017-05-03,158,19.3
2017-05-04,173,19.5
2017-05-05,226,19.3
2017-05-06,308,18.5
2017-05-07,432,18
2017-05-08,534,17.6
2017-05-09,537,17.3
2017-05-10,670,16.8
2017-05-11,609,17.2
2017-05-12,562,16.7
2017-05-13,764,16.1
2017-05-14,1020,15
2017-05-15,986,14.2
2017-05-16,1010,13.5
2017-05-17,917,13.2
2017-05-18,1090,13.1
2017-05-19,995,14.3
2017-05-20,984,14.9
2017-05-21,1180,15
2017-05-22,1500,15.3
2017-05-23,1650,15.7
2017-05-24,1710,15.9
2017-05-25,2380,15.3
2017-05-26,2520,15.1
2017-05-27,2620,14.5
2017-05-28,2280,15
2017-05-29,2080,14.8
2017-05-30,1970,14.7
2017-05-31,2040,14.2
2017-06-01,1850,13.7
2017-06-02,1850,13.4
2017-06-03,1770,13
2017-06-04,1900,12.6
2017-06-05,2170,11.2
2017-06-06,2250,10.7
2017-06-07,2270,10.6
2017-06-08,2660,9.3
2017-06-09,2810,8.7
2017-06-10,2900,7
2017-06-11,3140,5.2
2017-06-12,2960,3.2
2017-06-13,2840,1.8
2017-06-14,2300,1.1
2017-06-15,1980,0.2
2017-06-16,1620,0
2017-06-17,1980,0
2017-06-18,2020,0
2017-06-19,2050,0
2017-06-20,1970,0
2017-06-21,2100,0
2017-06-22,2030,0
2017-06-23,1800,0
2017-06-24,1630,0
2017-06-25,1420,0
2017-06-26,1410,0
2017-06-27,1350,0
2017-06-28,1340,0
2017-06-29,1230,0
2017-06-30,1100,0
2017-07-01,1030,0
2017-07-02,973,0
2017-07-03,892,0
2017-07-04,873,0
2017-07-05,859,0
2017-07-06,856,0
2017-07-07,845,0
2017-07-08,795,0
2017-07-09,814,0
2017-07-10,781,0
2017-07-11,721,0
2017-07-12,795,0
2017-07-13,756,0
2017-07-14,705,0
2017-07-15,614,0
2017-07-16,599,0
2017-07-17,601,0
2017-07-18,599,0
2017-07-19,549,0
2017-07-20,507,0
2017-07-21,502,0
2017-07-22,538,0
2017-07-23,490,0
2017-07-24,443,0
2017-07-25,408,0
2017-07-26,492,0
2017-07-27,575,0
2017-07-28,474,0
2017-07-29,452,0
2017-07-30,452,0
2017-07-31,410,0
2017-08-01,413,0
2017-08-02,359,0
2017-08-03,298,0
2017-08-04,314,0
2017-08-05,277,0
2017-08-06,154,0
2017-08-07,134,0
2017-08-08,234,0
2017-08-09,286,0
2017-08-10,295,0
2017-08-11,272,0
2017-08-12,231,0
2017-08-13,208,0
2017-08-14,217,0
2017-08-15,211,0
2017-08-16,180,0
2017-08-17,161,0
2017-08-18,142,0
2017-08-19,124,0
2017-08-20,113,0
2017-08-21,107,0
2017-08-22,116,0
2017-08-23,121,0
2017-08-24,119,0
2017-08-25,114,0
2017-08-26,103,0
2017-08-27,90.1,0
2017-08-28,78.1,0
2017-08-29,77.7,0
2017-08-30,73.2,0
2017-08-31,73.7,0
2017-09-01,75.7,0
2017-09-02,71.6,0
2017-09-03,68.6,0
2017-09-04,56.3,0
2017-09-05,39.5,0
2017-09-06,52.1,0
2017-09-07,49.5,0
2017-09-08,43.8,0
2017-09-09,51.6,0
2017-09-10,64.1,0
2017-09-11,71.1,0
2017-09-12,165,0
2017-09-13,208,0
2017-09-14,205,0
2017-09-15,151,0
2017-09-16,61.1,0
2017-09-17,58.8,0
2017-09-18,49.3,0
2017-09-19,58.6,0
2017-09-20,50.6,0
2017-09-21,45,0
2017-09-22,52.5,0
2017-09-23,74.8,0
2017-09-24,77.2,0.2
2017-09-25,86.8,0.4
2017-09-26,77.2,0
2017-09-27,100,0
2017-09-28,175,0
2017-09-29,187,0
2017-09-30,160,0
2017-10-01,125,0.2
2017-10-02,156,1.4
2017-10-03,136,2.3
2017-10-04,91.9,2.3
2017-10-05,103,1.9
2017-10-06,123,1.4
2017-10-07,122,1.2
2017-10-08,91.3,1.2
2017-10-09,114,1
2017-10-10,111,1.5
2017-10-11,106,1.6
2017-10-12,109,1.5
2017-10-13,111,1.2
2017-10-14,106,1.1
2017-10-15,96.5,1
2017-10-16,77.1,1.1
2017-10-17,86.5,0.9
2017-10-18,80.7,0.6
2017-10-19,84.4,0
2017-10-20,111,0
2017-10-21,129,0.3
2017-10-22,172,0.1
2017-10-23,169,0
2017-10-24,124,0
2017-10-25,105,0
2017-10-26,103,0
2017-10-27,97.7,0
2017-10-28,99.2,0.1
2017-10-29,101,0.3
2017-10-30,99.5,0.4
2017-10-31,79.2,0.5
2017-11-01,76.1,0.5
2017-11-02,79.7,0.6
2017-11-03,94.3,0.6
2017-11-04,114,0.4
2017-11-05,88.4,1.3
2017-11-06,94.9,2.3
2017-11-07,92.1,2.5
2017-11-08,52.5,2.5
2017-11-09,49.1,2.5
2017-11-10,58.9,2.5
2017-11-11,77.4,2.5
2017-11-12,66.8,2.6
2017-11-13,68.9,2.6
2017-11-14,71.1,2.6
2017-11-15,63.7,2.6
2017-11-16,62.7,2.5
2017-11-17,72.3,2.5
2017-11-18,76.3,3.6
2017-11-19,46.6,3.6
2017-11-20,57.9,3.7
2017-11-21,63.2,3.7
2017-11-22,67.7,4.2
2017-11-23,72.4,4.3
2017-11-24,77.1,4.3
2017-11-25,79.8,4.3
2017-11-26,77.6,4.3
2017-11-27,80,4.3
2017-11-28,90.9,4.2
2017-11-29,88.7,4.1
2017-11-30,84.2,4.1
2017-12-01,82.5,4.1
2017-12-02,89,4.1
2017-12-03,87.6,4.1
2017-12-04,89.4,4.3
2017-12-05,71.4,4.8
2017-12-06,71.2,5
2017-12-07,59.8,5.3
2017-12-08,67.8,5.5
2017-12-09,80.9,5.5
2017-12-10,95.5,5.5
2017-12-11,133,5.4
2017-12-12,101,5.4
2017-12-13,104,5.4
2017-12-14,107,5.5
2017-12-15,125,5.5
2017-12-16,92.3,5.5
2017-12-17,95,5.5
2017-12-18,98.9,5.5
2017-12-19,97.5,5.5
2017-12-20,101,5.5
2017-12-21,140,5.5
2017-12-22,99.7,5.5
2017-12-23,0,5.6
2017-12-24,0,6.3
2017-12-25,0,6.4
2017-12-26,0,7.1
2017-12-27,0,7.1
2017-12-28,0,7
2017-12-29,0,7
2017-12-30,0,6.9
2017-12-31,0,6.8
2018-01-01,0,6.7
2018-01-02,0,6.7
2018-01-03,0,6.6
2018-01-04,0,6.8
2018-01-05,0,6.9
2018-01-06,0,7
2018-01-07,0,7.4
2018-01-08,0,7.6
2018-01-09,0,7.7
2018-01-10,0,7.7
2018-01-11,0,7.9
2018-01-12,0,8.1
2018-01-13,0,9
2018-01-14,0,9.1
2018-01-15,0,9.1
2018-01-16,0,9.1
2018-01-17,0,9.1
2018-01-18,0,9.1
2018-01-19,0,9.2
2018-01-20,0,9.2
2018-01-21,0,9.4
2018-01-22,0,9.7
2018-01-23,0,9.7
2018-01-24,0,9.7
2018-01-25,0,9.9
2018-01-26,0,9.9
2018-01-27,0,10.1
2018-01-28,0,10.1
2018-01-29,0,10.1
2018-01-30,0,10.1
2018-01-31,0,9.9
2018-02-01,0,9.9
2018-02-02,0,10.2
2018-02-03,0,10.3
2018-02-04,0,10.3
2018-02-05,0,10.4
2018-02-06,0,10.8
2018-02-07,49,10.8
2018-02-08,69.2,10.8
2018-02-09,69.7,10.8
2018-02-10,113,10.8
2018-02-11,106,11.2
2018-02-12,94.9,11.4
2018-02-13,99,11.7
2018-02-14,90.7,12.1
2018-02-15,62.3,12.2
2018-02-16,66.5,12.4
2018-02-17,77,12.5
2018-02-18,64.8,12.6
2018-02-19,76.2,12.6
2018-02-20,83.3,12.6
2018-02-21,80.5,12.6
2018-02-22,80.7,12.6
2018-02-23,73.1,12.9
2018-02-24,73.8,13.1
2018-02-25,67.6,13.1
2018-02-26,85.9,13.2
2018-02-27,83.5,13.3
2018-02-28,78.8,13.3
2018-03-01,61.4,13.3
2018-03-02,61.3,13.4
2018-03-03,60.2,13.4
2018-03-04,60.6,13.4
2018-03-05,52.9,13.3
2018-03-06,56.5,13.1
2018-03-07,61.9,13.2
2018-03-08,57.5,13.4
2018-03-09,60.1,13.5
2018-03-10,53.1,13.5
2018-03-11,41.3,14.1
2018-03-12,49.8,14.1
2018-03-13,54.9,14.1
2018-03-14,58.6,14.1
2018-03-15,60.7,14.1
2018-03-16,69.7,14.8
2018-03-17,55.8,14.8
2018-03-18,60.4,14.8
2018-03-19,61.7,15.3
2018-03-20,54.9,15.8
2018-03-21,53.8,16
2018-03-22,60.7,16
2018-03-23,82,16.2
2018-03-24,100,17.4
2018-03-25,95.3,17.4
2018-03-26,104,17.4
2018-03-27,61.6,17.4
2018-03-28,29.3,17.5
2018-03-29,22.1,18.2
2018-03-30,30.8,18.5
2018-03-31,35.1,18.6
2018-04-01,35.4,18.8
2018-04-02,35.4,19
2018-04-03,35.7,19.2
2018-04-04,38.7,19.4
2018-04-05,35,19.4
2018-04-06,33,19.4
2018-04-07,34.4,20.2
2018-04-08,34.9,21
2018-04-09,34.5,21.4
2018-04-10,30.8,22.1
2018-04-11,29.5,22.2
2018-04-12,29.2,22.2
2018-04-13,33.1,22.3
2018-04-14,31.4,22.4
2018-04-15,31.7,22.9
2018-04-16,29.6,23.2
2018-04-17,31.6,23.2
2018-04-18,28.2,23.2
2018-04-19,34,23.2
2018-04-20,43.4,23.2
2018-04-21,61.6,23.4
2018-04-22,49.3,23.6
2018-04-23,46.6,23.6
2018-04-24,65,23.5
2018-04-25,77.3,23.3
2018-04-26,76.5,23.3
2018-04-27,89.3,23
2018-04-28,109,22.5
2018-04-29,152,22.1
2018-04-30,210,21.6
2018-05-01,269,21.1
2018-05-02,251,20.8
2018-05-03,311,21.9
2018-05-04,325,22.5
2018-05-05,364,22.5
2018-05-06,427,22.2
2018-05-07,497,21.7
2018-05-08,545,21.2
2018-05-09,695,20.6
2018-05-10,784,20.1
2018-05-11,1070,18.9
2018-05-12,1460,18.1
2018-05-13,1730,17.3
2018-05-14,1600,16.9
2018-05-15,1420,16.4
2018-05-16,1370,16.1
2018-05-17,1600,15.2
2018-05-18,1610,14.6
2018-05-19,1310,13.7
2018-05-20,1180,13.3
2018-05-21,1240,13
2018-05-22,1350,12.4
2018-05-23,1440,11.8
2018-05-24,1410,11.2
2018-05-25,1590,10.1
2018-05-26,1800,9.2
2018-05-27,1950,8.2
2018-05-28,1950,7.6
2018-05-29,1840,7.4
2018-05-30,1570,7.1
2018-05-31,1530,6.2
2018-06-01,1650,5
2018-06-02,1620,3.8
2018-06-03,1520,2.5
2018-06-04,1380,1.6
2018-06-05,1510,0.2
2018-06-06,1560,0
2018-06-07,1590,0
2018-06-08,1560,0
2018-06-09,1660,0
2018-06-10,1670,0
2018-06-11,1580,0
2018-06-12,1400,0
2018-06-13,1290,0
2018-06-14,1240,0
2018-06-15,1230,0
2018-06-16,1260,0
2018-06-17,1420,0
2018-06-18,1810,0
2018-06-19,1640,0
2018-06-20,1510,0
2018-06-21,1160,0
2018-06-22,937,0
2018-06-23,989,0
2018-06-24,885,0
2018-06-25,803,0
2018-06-26,801,0
2018-06-27,776,0
2018-06-28,704,0
2018-06-29,661,0
2018-06-30,601,0
2018-07-01,549,0
2018-07-02,488,0
2018-07-03,458,0
2018-07-04,437,0
2018-07-05,436,0
2018-07-06,417,0
2018-07-07,398,0
2018-07-08,377,0
2018-07-09,365,0
2018-07-10,460,0
2018-07-11,432,0
2018-07-12,439,0
2018-07-13,403,0
2018-07-14,346,0
2018-07-15,337,0
2018-07-16,376,0
2018-07-17,350,0
2018-07-18,339,0
2018-07-19,323,0
2018-07-20,300,0
2018-07-21,295,0
2018-07-22,308,0
2018-07-23,330,0
2018-07-24,405,0
2018-07-25,349,0
2018-07-26,329,0
2018-07-27,278,0
2018-07-28,236,0
2018-07-29,246,0
2018-07-30,206,0
2018-07-31,255,0
2018-08-01,267,0
2018-08-02,218,0
2018-08-03,190,0
2018-08-04,188,0
2018-08-05,183,0
2018-08-06,193,0
2018-08-07,175,0
2018-08-08,166,0
2018-08-09,151,0
2018-08-10,139,0
2018-08-11,111,0
2018-08-12,103,0
2018-08-13,116,0
2018-08-14,217,0
2018-08-15,242,0
2018-08-16,230,0
2018-08-17,223,0
2018-08-18,232,0
2018-08-19,210,0
2018-08-20,216,0
2018-08-21,225,0
2018-08-22,245,0
2018-08-23,229,0
2018-08-24,198,0
2018-08-25,125,0
2018-08-26,114,0
2018-08-27,116,0
2018-08-28,122,0
2018-08-29,110,0
2018-08-30,101,0
2018-08-31,101,0
2018-09-01,101,0
2018-09-02,113,0
2018-09-03,198,0
2018-09-04,216,0
2018-09-05,173,0
2018-09-06,171,0
2018-09-07,137,0
2018-09-08,103,0
2018-09-09,66.8,0
2018-09-10,49.1,0
2018-09-11,39,0
2018-09-12,33.6,0
2018-09-13,33.8,0
2018-09-14,36.5,0
2018-09-15,34.2,0
2018-09-16,33.2,0
2018-09-17,32.3,0
2018-09-18,23.4,0
2018-09-19,33.4,0
2018-09-20,52.8,0
2018-09-21,52.2,0
2018-09-22,51.3,0
2018-09-23,49.9,0
2018-09-24,49,0
2018-09-25,41.9,0
2018-09-26,49.9,0
2018-09-27,50.8,0
2018-09-28,51.3,0
2018-09-29,52.6,0
2018-09-30,50.9,0
2018-10-01,49.1,0
2018-10-02,48.1,0
2018-10-03,41,0
2018-10-04,31.3,0
2018-10-05,37.7,0
2018-10-06,59.7,0.5
2018-10-07,71.4,0.6
2018-10-08,71.4,0.5
2018-10-09,72.6,0.8
2018-10-10,68.9,0.8
2018-10-11,66.8,1.2
2018-10-12,49.1,1.7
2018-10-13,56.8,1.7
2018-10-14,49.8,1.9
2018-10-15,37.5,1.9
2018-10-16,19.4,1.9
2018-10-17,20.2,1.9
2018-10-18,33.7,1.9
2018-10-19,45.6,1.9
2018-10-20,41,1.9
2018-10-21,35.5,1.8
2018-10-22,33.5,1.8
2018-10-23,38,1.7
2018-10-24,40.8,1.6
2018-10-25,40.6,1.6
2018-10-26,53.6,1.7
2018-10-27,41.9,1.7
2018-10-28,34.4,1.5
2018-10-29,38,1.3
2018-10-30,39.6,0.9
2018-10-31,55,1.3
2018-11-01,58,1.3
2018-11-02,51.1,1.7
2018-11-03,59.7,1.9
2018-11-04,61,3.3
2018-11-05,56.6,3.8
2018-11-06,54.9,4
2018-11-07,44.7,4.1
2018-11-08,37.4,4.1
2018-11-09,31.9,4.1
2018-11-10,35.6,4.1
2018-11-11,68.4,4.1
2018-11-12,54.3,4.2
2018-11-13,54.8,4.3
2018-11-14,51.9,4.3
2018-11-15,52.2,4.3
2018-11-16,48.3,4.3
2018-11-17,58.9,4.3
2018-11-18,53.6,4.7
2018-11-19,47.7,4.7
2018-11-20,55.4,4.7
2018-11-21,56.8,4.7
2018-11-22,49.8,4.7
2018-11-23,57.8,4.7
2018-11-24,48.6,4.8
2018-11-25,57.3,5.6
2018-11-26,57.1,5.6
2018-11-27,58,5.7
2018-11-28,56.1,5.7
2018-11-29,48.3,5.8
2018-11-30,48.7,6.1
2018-12-01,43.2,6.2
2018-12-02,39.2,6.2
2018-12-03,46.1,6.2
2018-12-04,48.3,6.3
2018-12-05,12.8,6.3
2018-12-06,44,6.6
2018-12-07,46.1,6.7
2018-12-08,56.6,6.8
2018-12-09,72.5,6.8
2018-12-10,74.6,6.8
2018-12-11,31.4,6.8
2018-12-12,0,6.8
2018-12-13,0,7
2018-12-14,0,7.1
2018-12-15,0,7.1
2018-12-16,0,7.1
2018-12-17,0,7.1
2018-12-18,0,7.1
2018-12-19,0,7.1
2018-12-20,0,8
2018-12-21,0,8
2018-12-22,0,8.2
2018-12-23,0,8.4
2018-12-24,0,8.5
2018-12-25,0,8.8
2018-12-26,0,8.9
2018-12-27,0,9
2018-12-28,0,9
2018-12-29,0,9
2018-12-30,0,9
2018-12-31,0,9.1
2019-01-01,0,9.1
2019-01-02,0,9.2
2019-01-03,0,9.2
2019-01-04,0,9.3
2019-01-05,0,9.4
2019-01-06,0,9.4
2019-01-07,0,9.5
2019-01-08,0,9.8
2019-01-09,0,9.8
2019-01-10,0,9.9
2019-01-11,0,9.9
2019-01-12,0,10.2
2019-01-13,0,10.2
2019-01-14,0,10.2
2019-01-15,0,10.3
2019-01-16,0,10.4
2019-01-17,0,10.4
2019-01-18,0,10.7
2019-01-19,0,11.4
2019-01-20,0,11.5
2019-01-21,0,11.6
2019-01-22,0,11.6
2019-01-23,0,11.7
2019-01-24,0,12.3
2019-01-25,0,12.8
2019-01-26,0,12.9
2019-01-27,0,12.9
2019-01-28,0,13
2019-01-29,0,13
2019-01-30,0,13
2019-01-31,0,13
2019-02-01,0,13
2019-02-02,0,13.1
2019-02-03,0,13.2
2019-02-04,0,13.2
2019-02-05,0,13.3
2019-02-06,0,13.3
2019-02-07,0,13.6
2019-02-08,0,13.6
2019-02-09,0,13.6
2019-02-10,0,13.6
2019-02-11,0,13.6
2019-02-12,0,13.6
2019-02-13,0,13.7
2019-02-14,0,13.8
2019-02-15,0,14.2
2019-02-16,0,14.4
2019-02-17,0,14.4
2019-02-18,0,14.5
2019-02-19,0,14.6
2019-02-20,0,14.7
2019-02-21,0,14.7
2019-02-22,0,14.7
2019-02-23,0,14.8
2019-02-24,0,14.8
2019-02-25,0,14.9
2019-02-26,0,14.9
2019-02-27,0,14.9
2019-02-28,16.6,14.9
2019-03-01,37.4,15
2019-03-02,41.1,15.7
2019-03-03,32.4,16.8
2019-03-04,32.4,16.9
2019-03-05,33,16.9
2019-03-06,37,17.1
2019-03-07,42.3,17.9
2019-03-08,39.3,18
2019-03-09,31.5,18.8
2019-03-10,26,19.1
2019-03-11,33.8,19.3
2019-03-12,38,19.5
2019-03-13,73.8,19.7
2019-03-14,60.9,20.6
2019-03-15,43.9,20.8
2019-03-16,49.2,20.9
2019-03-17,53.3,21
2019-03-18,73.2,21.1
2019-03-19,80.7,21.1
2019-03-20,68.6,21.1
2019-03-21,79,21.1
2019-03-22,84.9,21.1
2019-03-23,88.6,21.3
2019-03-24,83.9,21.3
2019-03-25,81.3,21.6
2019-03-26,58.7,21.7
2019-03-27,62.1,21.8
2019-03-28,70.9,21.7
2019-03-29,84.3,21.7
2019-03-30,83.8,21.8
2019-03-31,68.4,21.8
2019-04-01,67.2,21.6
2019-04-02,58.6,21.2
2019-04-03,59,21.4
2019-04-04,61.1,21.4
2019-04-05,62.1,21.7
2019-04-06,66.2,22
2019-04-07,76.4,22
2019-04-08,83,22
2019-04-09,90.3,22
2019-04-10,117,22
2019-04-11,131,22.5
2019-04-12,110,22.9
2019-04-13,103,23
2019-04-14,95.9,23.3
2019-04-15,102,23.4
2019-04-16,102,23.4
2019-04-17,120,23.3
2019-04-18,91,23.4
2019-04-19,96.7,23.4
2019-04-20,137,23.2
2019-04-21,194,22.6
2019-04-22,265,22.2
2019-04-23,189,22.3
2019-04-24,141,21.9
2019-04-25,126,21.3
2019-04-26,148,20.9
2019-04-27,241,21.1
2019-04-28,315,21
2019-04-29,216,20.9
2019-04-30,256,21.9
2019-05-01,251,22.2
2019-05-02,221,22.5
2019-05-03,200,22.5
2019-05-04,191,22.5
2019-05-05,167,22.5
2019-05-06,87.3,22.2
2019-05-07,114,21.9
2019-05-08,211,21.7
2019-05-09,263,21.9
2019-05-10,256,22.2
2019-05-11,310,22.2
2019-05-12,357,22.2
2019-05-13,343,22.2
2019-05-14,388,21.8
2019-05-15,501,21.3
2019-05-16,781,20.7
2019-05-17,952,20.2
2019-05-18,879,20.6
2019-05-19,755,20.7
2019-05-20,660,20.9
2019-05-21,606,21.7
2019-05-22,608,21.9
2019-05-23,561,22.1
2019-05-24,540,22.4
2019-05-25,521,22.3
2019-05-26,541,22.1
2019-05-27,594,22.1
2019-05-28,617,21.9
2019-05-29,624,22.4
2019-05-30,560,22.5
2019-05-31,523,22.4
2019-06-01,596,22.3
2019-06-02,789,21.6
2019-06-03,920,21.2
2019-06-04,1050,20.5
2019-06-05,1120,20.4
2019-06-06,1150,19.4
2019-06-07,1430,18.3
2019-06-08,1710,16.9
2019-06-09,1820,15.7
2019-06-10,1510,15.7
2019-06-11,1590,13.9
2019-06-12,1430,13.4
2019-06-13,1570,12.8
2019-06-14,1720,11.3
2019-06-15,1700,10.1
2019-06-16,1660,9.4
2019-06-17,1680,9
2019-06-18,1820,8.5
2019-06-19,1770,8
2019-06-20,2030,5.7
2019-06-21,2220,4.5
2019-06-22,2220,5.7
2019-06-23,2020,6
2019-06-24,1700,6.9
2019-06-25,1790,6.4
2019-06-26,1740,5.9
2019-06-27,1690,5
2019-06-28,1710,3.4
2019-06-29,1920,1.4
2019-06-30,2130,0.1
2019-07-01,2390,0
2019-07-02,2430,0
2019-07-03,2110,0
2019-07-04,1800,0
2019-07-05,1630,0
2019-07-06,1550,0
2019-07-07,1390,0
2019-07-08,1350,0
2019-07-09,1420,0
2019-07-10,1330,0
2019-07-11,1300,0
2019-07-12,1300,0
2019-07-13,1270,0
2019-07-14,1200,0
2019-07-15,1210,0
2019-07-16,1200,0
2019-07-17,1080,0
2019-07-18,1030,0
2019-07-19,924,0
2019-07-20,838,0
2019-07-21,897,0
2019-07-22,906,0
2019-07-23,824,0
2019-07-24,806,0
2019-07-25,817,0
2019-07-26,754,0
2019-07-27,711,0
2019-07-28,759,0
2019-07-29,683,0
2019-07-30,646,0
2019-07-31,603,0
2019-08-01,570,0
2019-08-02,569,0
2019-08-03,537,0
2019-08-04,498,0
2019-08-05,506,0
2019-08-06,488,0
2019-08-07,457,0
2019-08-08,426,0
2019-08-09,411,0
2019-08-10,367,0
2019-08-11,366,0
2019-08-12,374,0
2019-08-13,339,0
2019-08-14,313,0
2019-08-15,299,0
2019-08-16,284,0
2019-08-17,276,0
2019-08-18,277,0
2019-08-19,214,0
2019-08-20,205,0
2019-08-21,208,0
2019-08-22,212,0
2019-08-23,212,0
2019-08-24,214,0
2019-08-25,205,0
2019-08-26,208,0
2019-08-27,208,0
2019-08-28,194,0
2019-08-29,182,0
2019-08-30,169,0
2019-08-31,173,0
2019-09-01,175,0
2019-09-02,157,0
2019-09-03,143,0
2019-09-04,174,0
2019-09-05,203,0
2019-09-06,193,0
2019-09-07,192,0
2019-09-08,173,0
2019-09-09,215,0
2019-09-10,213,0
2019-09-11,184,0
2019-09-12,181,0
2019-09-13,163,0
2019-09-14,130,0
2019-09-15,114,0
2019-09-16,108,0
2019-09-17,102,0
2019-09-18,77.5,0
2019-09-19,61.6,0
2019-09-20,62,0
2019-09-21,63.2,0
2019-09-22,63.6,0
2019-09-23,57,0
2019-09-24,45.2,0
2019-09-25,41.8,0
2019-09-26,32.9,0
2019-09-27,36.6,0
2019-09-28,43.3,0
2019-09-29,40,0
2019-09-30,32.8,0
2019-10-01,60.5,0
2019-10-02,67.4,0
2019-10-03,59,0
2019-10-04,56.9,0
2019-10-05,53.6,0
2019-10-06,48.4,0
2019-10-07,42.9,0
2019-10-08,44.3,0
2019-10-09,50.2,0
2019-10-10,59.2,0
2019-10-11,70.7,0.3
2019-10-12,78.6,0.4
2019-10-13,102,0.4
2019-10-14,96.9,0
2019-10-15,95.7,0
2019-10-16,88.9,0
2019-10-17,72.1,0
2019-10-18,71,0
2019-10-19,72.6,0.2
2019-10-20,73.9,0.5
2019-10-21,71.1,0.9
2019-10-22,62.7,1.1
2019-10-23,73.5,1.1
2019-10-24,79.1,1.9
2019-10-25,71.9,2
2019-10-26,101,2
2019-10-27,95.5,2
2019-10-28,93,2.1
2019-10-29,125,2.3
2019-10-30,134,2.5
2019-10-31,182,2.6
2019-11-01,103,2.7
2019-11-02,92.8,2.7
2019-11-03,97.5,2.7
2019-11-04,78.8,2.7
2019-11-05,74.5,2.6
2019-11-06,72.4,2.6
2019-11-07,71,2.6
2019-11-08,66.9,2.6
2019-11-09,67.3,2.6
2019-11-10,58.8,2.6
2019-11-11,60.3,2.6
2019-11-12,58.6,2.8
2019-11-13,64,2.8
2019-11-14,73.3,2.8
2019-11-15,55.8,2.8
2019-11-16,59.7,2.8
2019-11-17,51.2,3
2019-11-18,50,3.1
2019-11-19,52.3,3.1
2019-11-20,52.6,3.1
2019-11-21,57.6,3.4
2019-11-25,82,3.5
2019-11-26,91.5,3.7
2019-11-27,59.8,3.8
2019-11-28,52.9,4
2019-11-29,61.3,4
2019-11-30,24.7,4.3
2019-12-01,0,4
2019-12-02,0,4
2019-12-03,0,4.1
2019-12-04,0,4.1
2019-12-05,0,4.1
2019-12-06,0,4.8
2019-12-07,0,4.8
2019-12-08,0,4.8
2019-12-09,0,5.3
2019-12-10,0,5.3
2019-12-11,0,5.3
2019-12-12,0,5.3
2019-12-13,0,5.5
2019-12-14,0,5.7
2019-12-15,0,6.7
2019-12-16,0,6.7
2019-12-17,0,6.7
2019-12-18,0,6.7
2019-12-19,0,6.7
2019-12-20,0,6.7
2019-12-21,0,6.8
2019-12-22,0,6.8
2019-12-23,0,6.8
2019-12-24,0,6.8
2019-12-25,0,6.8
2019-12-26,0,7.2
2019-12-27,0,7.2
2019-12-28,0,7.3
2019-12-29,0,7.7
2019-12-30,0,7.7
2019-12-31,0,7.7
2020-01-01,0,7.8
2020-01-02,0,8.1
2020-01-03,0,8.1
2020-01-04,0,8.1
2020-01-05,0,8.1
2020-01-06,0,8.2
2020-01-07,0,8.2
2020-01-08,0,8.2
2020-01-09,0,8.2
2020-01-10,0,8.3
2020-01-11,0,8.4
2020-01-12,0,8.5
2020-01-13,0,8.5
2020-01-14,0,8.6
2020-01-15,0,8.7
2020-01-16,0,8.8
2020-01-17,0,8.9
2020-01-18,0,9
2020-01-19,0,9
2020-01-20,0,9
2020-01-21,0,9
2020-01-22,0,9.1
2020-01-23,0,9.1
2020-01-24,0,9.2
2020-01-25,0,9.4
2020-01-26,0,9.4
2020-01-27,0,9.4
2020-01-28,0,9.7
2020-01-29,0,9.7
2020-01-30,0,9.8
2020-01-31,0,10.3
2020-02-01,0,10.3
2020-02-02,0,10.5
2020-02-03,0,10.5
2020-02-04,0,11
2020-02-05,0,11.1
2020-02-06,0,11.2
2020-02-07,0,12.4
2020-02-08,0,13.9
2020-02-09,0,14.2
2020-02-10,0,14.5
2020-02-11,0,14.7
2020-02-12,0,14.7
2020-02-13,0,14.9
2020-02-14,0,15
2020-02-15,0,15
2020-02-16,0,15
2020-02-17,0,16.1
2020-02-18,0,16.6
2020-02-19,0,16.6
2020-02-20,0,16.6
2020-02-21,0,16.6
2020-02-22,0,16.7
2020-02-23,0,16.8
2020-02-24,0,17
2020-02-25,0,17.4
2020-02-26,0,17.7
2020-02-27,0,18
2020-02-28,0,18
2020-02-29,0,18.1
2020-03-01,0,18.1
2020-03-02,0,18.3
2020-03-03,0,18.4
2020-03-04,36.5,18.4
2020-03-05,52.9,18.4
2020-03-06,49.9,18.5
2020-03-07,47.8,18.5
2020-03-08,48.7,18.5
2020-03-09,63.5,18.7
2020-03-10,57,18.7
2020-03-11,49,19
2020-03-12,55.1,19.3
2020-03-13,53.9,19.6
2020-03-14,47.5,19.6
2020-03-15,47,19.6
2020-03-16,45.9,19.6
2020-03-17,58.4,19.6
2020-03-18,61.9,19.6
2020-03-19,78.4,19.7
2020-03-20,69.6,20.3
2020-03-21,50.6,20.8
2020-03-22,70.4,21
2020-03-23,60.9,21.1
2020-03-24,59.9,21.6
2020-03-25,64.2,21.8
2020-03-26,68.4,21.8
2020-03-27,68.1,21.8
2020-03-28,63.5,22.2
2020-03-29,58.9,22.2
2020-03-30,57.6,22.2
2020-03-31,62,22.2
2020-04-01,78.5,22.2
2020-04-02,73.6,22.2
2020-04-03,67.6,22.4
2020-04-04,61,22.6
2020-04-05,64.9,22.6
2020-04-06,63.2,22.5
2020-04-07,62.1,22.4
2020-04-08,67.5,22.4
2020-04-09,78.5,22.4
2020-04-10,88.8,21.6
2020-04-11,99.1,21.1
2020-04-12,110,20.9
2020-04-13,105,21.3
2020-04-14,79.9,21.6
2020-04-15,102,21.7
2020-04-16,131,22.2
2020-04-17,78.4,23.4
2020-04-18,140,23.4
2020-04-19,144,23.8
2020-04-20,182,24
2020-04-21,181,24
2020-04-22,163,24
2020-04-23,161,24.1
2020-04-24,167,24.4
2020-04-25,169,24.9
2020-04-26,200,25.2
2020-04-27,162,25.3
2020-04-28,144,25.3
2020-04-29,175,25.2
2020-04-30,122,24.9
2020-05-01,182,24.3
2020-05-02,253,23.5
2020-05-03,320,23.2
2020-05-04,354,23
2020-05-05,286,23.1
2020-05-06,223,23
2020-05-07,191,22.6
2020-05-08,171,22.1
2020-05-09,167,21.4
2020-05-10,272,21.2
2020-05-11,348,20.5
2020-05-12,452,20.3
2020-05-13,539,19.7
2020-05-14,586,18.9
2020-05-15,614,19
2020-05-16,752,19.3
2020-05-17,800,18.8
2020-05-18,981,17.8
2020-05-19,1290,16.8
2020-05-20,1500,15.7
2020-05-21,1700,15.3
2020-05-22,1450,14.5
2020-05-23,1440,13.6
2020-05-24,1390,13
2020-05-25,1200,13.5
2020-05-26,1040,13.9
2020-05-27,1090,12.6
2020-05-28,1230,12.1
2020-05-29,1490,11.1
2020-05-30,1850,9.5
2020-05-31,2160,8.5
2020-06-01,2500,7.5
2020-06-02,2430,6.4
2020-06-03,2040,5.3
2020-06-04,2020,4.3
2020-06-05,1950,1.8
2020-06-06,2050,0
2020-06-07,2040,0
2020-06-08,1860,0
2020-06-09,1670,0.8
2020-06-10,1370,1.4
2020-06-11,1300,0.9
2020-06-12,1140,0.1
2020-06-13,1260,0
2020-06-14,1480,0
2020-06-15,1490,0
2020-06-16,1340,0
2020-06-17,1300,0
2020-06-18,1290,0
2020-06-19,1270,0
2020-06-20,1190,0
2020-06-21,1010,0
2020-06-22,995,0
2020-06-23,1010,0
2020-06-24,965,0
2020-06-25,951,0
2020-06-26,917,0
2020-06-27,879,0
2020-06-28,849,0
2020-06-29,807,0
2020-06-30,719,0
2020-07-01,656,0
2020-07-02,592,0
2020-07-03,566,0
2020-07-04,561,0
2020-07-05,623,0
2020-07-06,587,0
2020-07-07,564,0
2020-07-08,574,0
2020-07-09,529,0
2020-07-10,504,0
2020-07-11,404,0
2020-07-12,386,0
2020-07-13,379,0
2020-07-14,393,0
2020-07-15,392,0
2020-07-16,357,0
2020-07-17,310,0
2020-07-18,267,0
2020-07-19,241,0
2020-07-20,232,0
2020-07-21,221,0
2020-07-22,186,0
2020-07-23,180,0
2020-07-24,158,0
2020-07-25,140,0
2020-07-26,128,0
2020-07-27,113,0
2020-07-28,113,0
2020-07-29,126,0
2020-07-30,118,0
2020-07-31,104,0
2020-08-01,89.2,0
2020-08-02,114,0
2020-08-03,134,0
2020-08-04,138,0
2020-08-05,139,0
2020-08-06,111,0
2020-08-07,74.1,0
2020-08-08,41.2,0
2020-08-09,57.5,0
2020-08-10,75.2,0
2020-08-11,85.6,0
2020-08-12,92.6,0
2020-08-13,71.4,0
2020-08-14,83.1,0
2020-08-15,75.6,0
2020-08-16,60.3,0
2020-08-17,63.1,0
2020-08-18,82.3,0
2020-08-19,127,0
2020-08-20,141,0
2020-08-21,145,0
2020-08-22,143,0
2020-08-23,135,0
2020-08-24,156,0
2020-08-25,154,0
2020-08-26,144,0
2020-08-27,127,0
2020-08-28,122,0
2020-08-29,127,0
2020-08-30,128,0
2020-08-31,119,0
2020-09-01,113,0
2020-09-02,108,0
2020-09-03,84.9,0
2020-09-04,39.6,0
2020-09-05,28.8,0
2020-09-06,20.6,0
2020-09-07,16.8,0
2020-09-08,36.1,0
2020-09-09,60.3,0.3
2020-09-10,76.3,0.4
2020-09-11,88.3,0.6
2020-09-12,98.8,0.7
2020-09-13,78.5,0.1
2020-09-14,69,0.1
2020-09-15,39.2,0.1
2020-09-16,26.9,0
2020-09-17,26.6,0
2020-09-18,18.6,0
2020-09-19,16.3,0
2020-09-20,25.7,0
2020-09-21,34.4,0
2020-09-22,54.8,0
2020-09-23,50.9,0
2020-09-24,45.5,0
2020-09-25,49.3,0
2020-09-26,55.2,0
2020-09-27,52.1,0
2020-09-28,61.2,0
2020-09-29,52.3,0
2020-09-30,45.3,0
2020-10-01,40.3,0
2020-10-02,34.1,0
2020-10-03,32.2,0
2020-10-04,31,0
2020-10-05,33.3,0
2020-10-06,28.1,0
2020-10-07,29,0
2020-10-08,32,0
2020-10-09,32.3,0
2020-10-10,26,0
2020-10-11,19.9,0
2020-10-12,27.9,0.2
2020-10-13,24.4,0
2020-10-14,41.5,0
2020-10-15,37.6,0
2020-10-16,42.1,0
2020-10-17,37.3,0
2020-10-18,42.9,0
2020-10-19,44.4,0
2020-10-20,37.8,0
2020-10-21,35.8,0
2020-10-22,46.4,0
2020-10-23,64.7,0
2020-10-24,71.8,0
2020-10-25,135,0.3
2020-10-26,111,1.5
2020-10-27,88.8,1.6
2020-10-28,70.8,1.8
2020-10-29,91.5,1.8
2020-10-30,85.6,1.8
2020-10-31,78.2,1.8
2020-11-01,59.9,1.8
2020-11-02,55.6,1.8
2020-11-03,47.5,1.8
2020-11-04,57.6,1.8
2020-11-05,74.3,1.8
2020-11-06,88.2,1.7
2020-11-07,80,1.6
2020-11-08,74.5,1.6
2020-11-09,71.3,2.2
2020-11-10,64.7,2.4
2020-11-11,40.8,2.7
2020-11-12,41.4,2.9
2020-11-13,40.3,3.1
2020-11-14,32.7,3.2
2020-11-15,57.2,3.7
2020-11-16,32.3,3.8
2020-11-17,46.5,3.8
2020-11-18,50.6,3.8
2020-11-19,44.7,3.8
2020-11-20,42.4,3.8
2020-11-21,37.9,3.8
2020-11-22,23.2,3.8
2020-11-23,11.9,3.8
2020-11-24,60.2,4.2
2020-11-25,43.8,4.3
2020-11-26,30.4,4.3
2020-11-27,39.5,4.4
2020-11-28,28.4,4.5
2020-11-29,24.8,4.5
2020-11-30,34.5,4.5
2020-12-01,26.5,4.5
2020-12-02,39,5
2020-12-03,28.6,5
2020-12-04,38.3,5
2020-12-05,33.4,5.1
2020-12-06,38.9,5.1
2020-12-07,42.7,5.1
2020-12-08,34.2,5.1
2021-03-03,43.4,14.6
2021-03-04,39.5,14.6
2021-03-05,40.9,15
2021-03-06,37.6,15
2021-03-07,26.9,15
2021-03-08,29,15
2021-03-09,43.1,15
2021-03-10,59.9,15.1
2021-03-11,47,15.1
2021-03-12,48.4,15.1
2021-03-13,52.1,15.1
2021-03-14,68.4,15.8
2021-03-15,117,17.6
2021-03-16,76.5,17.8
2021-03-17,118,18.1
2021-03-18,78.5,18.1
2021-03-19,69.2,18.1
2021-03-20,76.1,18.2
2021-03-21,91.5,18.4
2021-03-22,84.8,18.7
2021-03-23,95.1,18.8
2021-03-24,99.5,19
2021-03-25,92.1,19
2021-03-26,86.2,19
2021-03-27,80.2,19.4
2021-03-28,83.9,19.5
2021-03-29,107,19.5
2021-03-30,153,19.5
2021-03-31,153,19.5
2021-04-01,92.2,19.5
2021-04-02,46.7,19.5
2021-04-03,61.7,19.4
2021-04-04,89.4,19.4
2021-04-05,113,19.2
2021-04-06,158,18.8
2021-04-07,130,18.3
2021-04-08,133,19.2
2021-04-09,93.5,19.1
2021-04-10,67.5,19.3
2021-04-11,81.2,19.3
2021-04-12,68.1,19.2
2021-04-13,66.6,19.1
2021-04-14,64.8,19.3
2021-04-15,66.7,19.5
2021-04-16,77.1,19.8
2021-04-17,76.7,20
2021-04-18,74.3,20
2021-04-19,80.4,20.1
2021-04-20,79.4,20.4
2021-04-21,83.5,20.6
2021-04-22,159,21.1
2021-04-23,234,21.4
2021-04-24,228,21.7
2021-04-25,255,21.7
2021-04-26,332,21.7
2021-04-27,263,21.8
2021-04-28,408,23
2021-04-29,560,23
2021-04-30,753,23
2021-05-01,1070,22.6
2021-05-02,1210,21.9
2021-05-03,1410,21.8
2021-05-04,1440,22.4
2021-05-05,1450,22.6
2021-05-06,1350,23
2021-05-07,1370,22.8
2021-05-08,1490,22.5
2021-05-09,1590,22.1
2021-05-10,1370,22
2021-05-11,1240,22.4
2021-05-12,1130,22.7
2021-05-13,1150,22.8
2021-05-14,1050,22.8
2021-05-15,1170,22.7
2021-05-16,1270,22.4
2021-05-17,1390,22.1
2021-05-18,1450,22
2021-05-19,1830,21.1
2021-05-20,1660,20.4
2021-05-21,1860,19.4
2021-05-22,1810,18.6
2021-05-23,2690,17.9
2021-05-24,2200,17.4
2021-05-25,1940,16.8
2021-05-26,1890,15.5
2021-05-27,1720,14.6
2021-05-28,1760,14
2021-05-29,1710,12.7
2021-05-30,1670,12.1
2021-05-31,1560,12
2021-06-01,1600,11.7
2021-06-02,1550,10.6
2021-06-03,1590,9.4
2021-06-04,1790,8.2
2021-06-05,2060,6.5
2021-06-06,2210,5.5
2021-06-07,2380,3.8
2021-06-08,2400,2.7
2021-06-09,2240,0.9
2021-06-10,2030,0.2
2021-06-11,1870,0
2021-06-12,1610,0
2021-06-13,1510,0
2021-06-14,1500,0
2021-06-15,1580,0
2021-06-16,1670,0
2021-06-17,1460,0
2021-06-18,1350,0
2021-06-19,1230,0
2021-06-20,1240,0
2021-06-21,1120,0
2021-06-22,1030,0
2021-06-23,940,0
2021-06-24,867,0
2021-06-25,920,0
2021-06-26,989,0
2021-06-27,910,0
2021-06-28,839,0
2021-06-29,747,0
2021-06-30,685,0
2021-07-01,829,0
2021-07-02,780,0
2021-07-03,793,0
2021-07-04,739,0
2021-07-05,748,0
2021-07-06,865,0
2021-07-07,734,0
2021-07-08,605,0
2021-07-09,534,0
2021-07-10,498,0
2021-07-11,453,0
2021-07-12,424,0
2021-07-13,422,0
2021-07-14,393,0
2021-07-15,372,0
2021-07-16,322,0
2021-07-17,288,0
2021-07-18,279,0
2021-07-19,265,0
2021-07-20,247,0
2021-07-21,614,0
2021-07-23,304,0
2021-07-24,296,0
2021-07-25,309,0
2021-07-26,315,0
2021-07-27,287,0
2021-07-28,267,0
2021-07-29,275,0
2021-07-30,254,0
2021-07-31,406,0
2021-08-01,502,0
2021-08-02,403,0
2021-08-03,556,0
2021-08-04,833,0
2021-08-05,577,0
2021-08-06,458,0
2021-08-07,602,0
2021-08-08,590,0
2021-08-09,532,0
2021-08-10,502,0
2021-08-11,410,0
2021-08-12,361,0
2021-08-13,314,0
2021-08-14,299,0
2021-08-15,332,0
2021-08-16,345,0
2021-08-17,346,0
2021-08-18,330,0
2021-08-19,318,0
2021-08-20,290,0
2021-08-21,291,0
2021-08-22,354,0
2021-08-23,319,0
2021-08-24,292,0
2021-08-25,277,0
2021-08-26,226,0
2021-08-27,210,0
2021-08-28,204,0
2021-08-29,216,0
2021-08-30,214,0
2021-08-31,199,0
2021-09-01,172,0
2021-09-02,178,0
2021-09-03,194,0
2021-09-04,207,0
2021-09-05,187,0
2021-09-06,173,0
2021-09-07,164,0
2021-09-08,157,0
2021-09-09,137,0
2021-09-10,129,0
2021-09-11,114,0
2021-09-12,116,0
2021-09-13,119,0
2021-09-14,115,0
2021-09-15,112,0
2021-09-16,104,0
2021-09-17,96.3,0
2021-09-18,94.7,0
2021-09-19,67.9,0
2021-09-20,81.2,0
2021-09-21,90.4,0
2021-09-22,83,0
2021-09-23,77.7,0
2021-09-24,77.2,0
2021-09-25,72,0
2021-09-26,69.3,0
2021-09-27,62.7,0
2021-09-28,61.6,0
2021-09-29,65.9,0
2021-09-30,89,0
2021-10-01,83.1,0
2021-10-02,72.3,0
2021-10-03,65.1,0
2021-10-04,58.1,0
2021-10-05,56.2,0
2021-10-06,56.1,0
2021-10-07,68.7,0
2021-10-08,69.3,0.2
2021-10-09,64.4,0.2
2021-10-10,80.5,0.3
2021-10-11,84.9,0.2
2021-10-12,89.9,0.2
2021-10-13,104,1.2
2021-10-14,101,1.3
2021-10-15,102,1.6
2021-10-16,82.4,1.6
2021-10-17,80.8,1.6
2021-10-18,85,1.4
2021-10-19,89.1,1.4
2021-10-20,88.1,1.4
2021-10-21,75.7,1.5
2021-10-22,75.4,1.5
2021-10-23,74.6,1.4
2021-10-24,75.9,1.4
2021-10-25,76.1,1.4
2021-10-26,79.3,0.9
2021-10-27,87.8,1.9
2021-10-28,87.6,1.7
2021-10-29,85.7,1.7
2021-10-30,91.8,1.7
2021-10-31,96.9,1.6
2021-11-01,103,1.8
2021-11-02,92.7,2.2
2021-11-03,93.1,3.1
2021-11-04,97.3,3
2021-11-05,87.3,3.1
2021-11-06,85,3
2021-11-07,81.4,3
2021-11-08,82.6,3
2021-11-09,80,2.9
2021-11-10,78.4,2.9
2021-11-11,72.1,2.9
2021-11-12,54.3,3.3
2021-11-13,60.8,3.3
2021-11-14,78.4,3.3
2021-11-15,73.7,3.3
2021-11-16,71.7,3.2
2021-11-17,70.3,3.3
2021-11-18,56.6,3.4
2021-11-19,48.5,3.5
2021-11-20,81.3,3.5
2021-11-21,70.9,4
2021-11-22,58.9,4
2021-11-23,67.7,4
2021-11-24,66.5,4
2021-11-25,58,4.1
2021-11-26,42.9,4.3
2021-11-27,77.2,4.3
2021-11-28,70.6,4.3
2021-11-29,70.6,4.3
2021-11-30,61.6,4.3
2021-12-01,59.6,4.3
2021-12-02,58.6,4.3
2021-12-03,59.7,4.3
2021-12-04,59.5,4.2
2021-12-05,63.8,4.2
2021-12-06,57.7,4.2
2021-12-07,78.6,4.3
2021-12-08,64.8,4.3
2021-12-09,60,4.3
2021-12-10,64.9,4.8
2021-12-11,66,5.1
2021-12-12,23.9,5.3
2021-12-13,39.4,5.2
2021-12-14,65.6,5.2
2021-12-15,75.6,5.2
2021-12-16,48.3,5.4
2021-12-17,40.9,5.6
2021-12-18,48.2,5.6
2021-12-19,68.1,5.6
2021-12-20,82.1,5.6
2021-12-21,89.3,5.6
2021-12-22,81.4,5.5
2021-12-23,78.4,5.5
2021-12-24,70.6,6.3
2021-12-25,61.4,7.8
2021-12-26,87.9,7.9
2021-12-27,134,8.2
2021-12-28,57.1,8.5
2021-12-29,37.3,8.7
2021-12-30,44.6,9
2021-12-31,48.9,9.4
2022-01-01,52.6,10.1
2022-01-02,52.6,10
2022-01-03,53.1,10.2
2022-01-04,31.2,10.3
2022-01-05,0,10.5
2022-01-06,0,12
2022-01-07,0,13
2022-01-08,0,13.1
2022-01-09,0,13.5
2022-01-10,0,13.6
2022-01-11,0,13.7
2022-01-12,0,13.7
2022-01-13,0,13.6
2022-01-14,0,13.7
2022-01-15,0,14
2022-01-16,0,14.1
2022-01-17,0,14.1
2022-01-18,0,14.1
2022-01-19,0,14
2022-01-20,0,14
2022-01-21,0,14.2
2022-01-22,0,14.3
2022-01-23,0,14.3
2022-01-24,0,14.4
2022-01-25,0,14.4
2022-01-26,0,14.5
2022-01-27,0,14.6
2022-01-28,0,14.6
2022-01-29,0,14.7
2022-01-30,0,14.7
2022-01-31,0,14.8
2022-02-01,0,14.7
2022-02-02,0,14.8
2022-02-03,0,14.6
2022-02-04,0,14.6
2022-02-05,0,14.9
2022-02-06,0,14.9
2022-02-07,0,14.9
2022-02-08,0,15.1
2022-02-09,0,15.1
2022-02-10,0,15.1
2022-02-11,0,15.2
2022-02-12,0,15.2
2022-02-13,0,15.4
2022-02-14,0,15.5
2022-02-15,0,15.6
2022-02-16,0,15.6
2022-02-17,0,15.6
2022-02-18,0,16
2022-02-19,0,16.1
2022-02-20,0,16.2
2022-02-21,0,16.2
2022-02-22,0,16.1
2022-02-23,0,16.3
2022-02-24,0,16.6
2022-02-25,0,16.5
2022-02-26,0,16.7
2022-02-27,0,16.6
2022-02-28,0,16.8
2022-03-01,0,16.8
2022-03-02,0,16.9
2022-03-03,45.7,16.8
2022-03-04,77.3,16.9
2022-03-05,81.7,17.2
2022-03-06,71.3,17.5
2022-03-07,76.8,17.4
2022-03-08,55.2,17.6
2022-03-09,78.7,17.8
2022-03-10,74.7,18.2
2022-03-11,55.8,18
2022-03-12,73,18.2
2022-03-13,72.3,18.4
2022-03-14,61.1,18.5
2022-03-15,61.9,18.6
2022-03-16,66.5,18.8
2022-03-17,65.4,19
2022-03-18,51.4,19.1
2022-03-19,53.6,19.2
2022-03-20,62.2,19.3
2022-03-21,60.3,19.2
2022-03-22,57,19.2
2022-03-23,53.4,19.5
2022-03-24,62.3,19.6
2022-03-25,68.6,19.6
2022-03-26,75.4,19.6
2022-03-27,92.4,18.1
2022-03-28,113,17.3
2022-03-29,119,17.8
2022-03-30,122,18.4
2022-03-31,107,18.7
2022-04-01,106,18.9
2022-04-02,102,19.2
2022-04-03,104,19.2
2022-04-04,108,19.5
2022-04-05,113,19.6
2022-04-06,108,19.6
2022-04-07,95.1,19.6
2022-04-08,119,19.6
2022-04-09,129,19.8
2022-04-10,149,20.2
2022-04-11,136,20.2
2022-04-12,155,20.9
2022-04-13,117,21.5
2022-04-14,101,21.5
2022-04-15,119,21.8
2022-04-16,117,21.6
2022-04-17,113,21.9
2022-04-18,110,23.2
2022-04-19,117,23.4
2022-04-20,157,23
2022-04-21,201,23
2022-04-22,224,22.8
2022-04-23,261,22.8
2022-04-24,207,22.7
2022-04-25,205,22.9
2022-04-26,217,22.9
2022-04-27,261,23
2022-04-28,344,22.8
2022-04-29,301,22.8
2022-04-30,292,22.8
2022-05-01,286,23.2
2022-05-02,293,23.4
2022-05-03,212,23.4
2022-05-04,259,23.8
2022-05-05,219,24.6
2022-05-06,228,24.6
2022-05-07,460,24.3
2022-05-08,743,24.5
2022-05-09,675,24.9
2022-05-10,607,24.9
2022-05-11,1100,24
2022-05-12,1400,23.1
2022-05-13,1130,22.6
2022-05-14,1240,22
2022-05-15,1470,21
2022-05-16,1850,20
2022-05-17,1740,19.3
2022-05-18,1860,18.6
2022-05-19,2130,17.4
2022-05-20,1940,16.5
2022-05-21,1390,17.5
2022-05-22,1170,17.7
2022-05-23,1120,17.9
2022-05-24,1050,18.3
2022-05-25,970,18.9
2022-05-26,1060,18.6
2022-05-27,1170,18
2022-05-28,1230,17.7
2022-05-29,1340,17.3
2022-05-30,1220,17.7
2022-05-31,1050,17.6
2022-06-01,1050,17.9
2022-06-02,1090,17.5
2022-06-03,1170,16.5
2022-06-04,1130,15.8
2022-06-05,1300,14.8
2022-06-06,1580,14
2022-06-07,1840,13.6
2022-06-08,1790,12.4
2022-06-09,1800,11.1
2022-06-10,2160,9.2
2022-06-11,2290,6.8
2022-06-12,2630,4.1
2022-06-13,2320,2
2022-06-14,2100,0.3
2022-06-15,1620,0
2022-06-16,1320,0
2022-06-17,1420,0
2022-06-18,1780,0
2022-06-19,1640,0
2022-06-20,1470,0
2022-06-21,1320,0
2022-06-22,1350,0
2022-06-23,1310,0
2022-06-24,1170,0
2022-06-25,1190,0
2022-06-26,1080,0
2022-06-27,1100,0
2022-06-28,1010,0
2022-06-29,952,0
2022-06-30,923,0
2022-07-01,935,0
2022-07-02,881,0
2022-07-03,824,0
2022-07-04,895,0
2022-07-05,874,0
2022-07-06,947,0
2022-07-07,814,0
2022-07-08,738,0
2022-07-09,660,0
2022-07-10,615,0
2022-07-11,573,0
2022-07-12,517,0
2022-07-13,488,0
2022-07-14,468,0
2022-07-15,465,0
2022-07-16,645,0
2022-07-17,534,0
2022-07-18,463,0
2022-07-19,407,0
2022-07-20,399,0
2022-07-21,380,0
2022-07-22,345,0
2022-07-23,347,0
2022-07-24,388,0
2022-07-25,388,0
2022-07-26,360,0
2022-07-27,323,0
2022-07-28,352,0
2022-07-29,378,0
2022-07-30,296,0
2022-07-31,281,0
2022-08-01,280,0
2022-08-02,264,0
2022-08-03,249,0
2022-08-04,241,0
2022-08-05,217,0
2022-08-06,277,0
2022-08-07,257,0
2022-08-08,227,0
2022-08-09,202,0
2022-08-10,198,0
2022-08-11,213,0
2022-08-12,227,0
2022-08-13,229,0
2022-08-14,290,0
2022-08-15,301,0
2022-08-16,430,0
2022-08-17,369,0
2022-08-18,371,0
2022-08-19,330,0
2022-08-20,319,0
2022-08-21,316,0
2022-08-22,360,0
2022-08-23,290,0
2022-08-24,285,0
2022-08-25,261,0
2022-08-26,236,0
2022-08-27,251,0
2022-08-28,242,0
2022-08-29,225,0
2022-08-30,213,0
2022-08-31,185,0
2022-09-01,167,0
2022-09-02,140,0
2022-09-03,140,0
2022-09-04,151,0
2022-09-05,133,0
2022-09-06,129,0
2022-09-07,129,0
2022-09-08,124,0
2022-09-09,122,0
2022-09-10,126,0
2022-09-11,92.7,0
2022-09-12,77.5,0
2022-09-13,53.4,0
2022-09-14,42.7,0
2022-09-15,70.4,0
2022-09-16,85.3,0
2022-09-17,89.5,0
2022-09-18,93.3,0
2022-09-19,77,0
2022-09-20,84.9,0
2022-09-21,84.6,0
2022-09-22,117,0
2022-09-23,109,0
2022-09-24,88.6,0
2022-09-25,70.9,0
2022-09-26,68.2,0
2022-09-27,57,0
2022-09-28,58.7,0
2022-09-29,68,0
2022-09-30,55.3,0
2022-10-01,72.9,0
2022-10-02,73.4,0
2022-10-03,68.2,0
2022-10-04,69.1,0
2022-10-05,61.6,0
2022-10-06,42,0
2022-10-07,41.5,0
2022-10-08,49.9,0
2022-10-09,55.6,0
2022-10-10,58,0
2022-10-11,51.4,0
2022-10-12,52.8,0
2022-10-13,53.3,0
2022-10-14,52.3,0
2022-10-15,44.4,0
2022-10-16,49.3,0.1
2022-10-17,49.8,0
2022-10-18,53.9,0
2022-10-19,52.8,0
2022-10-20,53.9,0
2022-10-21,51.4,0
2022-10-22,48.3,0
2022-10-23,50.8,0
2022-10-24,52.4,0.3
2022-10-25,54.5,0.4
2022-10-26,78.5,0.4
2022-10-27,93.6,0.8
2022-10-28,98.6,1
2022-10-29,87.3,1
2022-10-30,71.7,1
2022-10-31,69.3,1
2022-11-01,54.8,1
2022-11-02,54.8,1.1
2022-11-03,46.3,1
2022-11-04,46.8,1.3
2022-11-05,32,1.3
2022-11-06,49.6,1.3
2022-11-07,46.8,1.6
2022-11-08,51.4,1.5
2022-11-09,49.7,1.5
2022-11-10,43.8,1.7
2022-11-11,36.7,1.7
2022-11-12,15.2,1.8
2022-11-13,55.1,2
2022-11-14,62.5,2.1
2022-11-15,79.6,2.2
2022-11-16,80.9,2.3
2022-11-17,58.4,2.4
2022-11-18,65.6,2.8
2022-11-19,66.4,2.7
2022-11-20,64.2,2.9
2022-11-21,65.1,2.9
2022-11-22,69.1,3
2022-11-23,30.6,3
2022-11-24,0,3.2
2022-11-25,0,3.2
2022-11-26,0,3.3
2022-11-27,0,3.4
2022-11-28,0,3.6
2022-11-29,0,3.9
2022-11-30,0,4.1
2022-12-01,0,4.2
2022-12-02,0,4.2
2022-12-03,0,4.6
2022-12-04,0,4.8
2022-12-05,0,4.8
2022-12-06,0,5.6
2022-12-12,0,5.8
2022-12-13,0,6.1
2022-12-14,0,6.8
2022-12-15,0,7.3
2022-12-16,0,7.4
2022-12-17,0,7.4
2022-12-18,0,7.6
2022-12-19,0,7.6
2022-12-20,0,7.6
2022-12-21,0,7.6
2022-12-22,0,7.9
2022-12-23,0,8
2022-12-24,0,8.4
2022-12-25,0,8.5
2022-12-26,0,8.6
2022-12-27,0,8.8
2022-12-28,0,9.2
2022-12-29,0,9.6
2022-12-30,0,9.7
2022-12-31,0,10
2023-01-01,0,11
2023-01-02,0,11.1
2023-01-03,0,11.2
2023-01-04,0,11.4
2023-01-05,0,11.5
2023-01-06,0,11.6
2023-01-07,0,11.9
2023-01-08,0,12
2023-01-09,0,12
2023-01-10,0,12.1
2023-01-11,0,12.3
2023-01-12,0,12.6
2023-01-13,0,12.7
2023-01-14,0,12.8
2023-01-15,0,12.8
2023-01-16,0,13.1
2023-01-17,0,13.2
2023-01-18,0,13.3
2023-01-19,0,13.7
2023-01-20,0,13.7
2023-01-21,0,13.7
2023-01-22,0,13.8
2023-01-23,0,13.8
2023-01-24,0,13.9
2023-01-25,0,14
2023-01-26,0,14.2
2023-01-27,0,14.8
2023-01-28,0,15.2
2023-01-29,0,15.5
2023-01-30,0,15.9
2023-01-31,0,16.1
2023-02-01,0,16.3
2023-02-02,0,16.3
2023-02-03,0,16.4
2023-02-04,0,16.4
2023-02-05,0,16.4
2023-02-06,0,16.6
2023-02-07,0,16.8
2023-02-08,0,17
2023-02-09,0,17.1
2023-02-10,0,17.2
2023-02-11,0,17.4
2023-02-12,0,17.4
2023-02-13,0,17.4
2023-02-14,0,17.6
2023-02-15,0,17.6
2023-02-16,0,17.6
2023-02-17,0,17.7
2023-02-18,0,17.7
2023-02-19,0,17.7
2023-02-20,0,17.7
2023-02-21,0,18.2
2023-02-22,0,18.4
2023-02-23,0,18.4
2023-02-24,0,18.4
2023-02-25,0,18.6
2023-02-26,0,18.9
2023-02-27,0,18.9
2023-02-28,0,19
2023-03-01,0,19
2023-03-02,0,18.9
2023-03-03,0,18.9
2023-03-04,0,19.3
2023-03-05,0,19.3
2023-03-06,0,19.7
2023-03-07,0,19.7
2023-03-08,0,19.7
2023-03-09,0,19.7
2023-03-10,0,19.8
2023-03-11,0,20.1
2023-03-12,0,20.4
2023-03-13,34,20.5
2023-03-14,55,20.5
2023-03-15,62.8,20.6
2023-03-16,67.2,20.8
2023-03-17,42.2,20.8
2023-03-18,32,20.8
2023-03-19,37.8,20.9
2023-03-20,58.4,21.2
2023-03-21,48.9,21.9
2023-03-22,49.4,22.2
2023-03-23,48.2,23.4
2023-03-24,54.7,23.7
2023-03-25,56.4,24
2023-03-26,45.1,24
2023-03-27,46.6,24.2
2023-03-28,37,24.2
2023-03-29,44.4,24.5
2023-03-30,52.8,24.7
2023-03-31,46.1,24.7
2023-04-01,45.4,24.7
2023-04-02,49.8,25.1
2023-04-03,48.4,25.1
2023-04-04,46.8,25.2
2023-04-05,38.6,26
2023-04-06,39.9,26.2
2023-04-07,46.9,26.4
2023-04-08,51,26.6
2023-04-09,52.6,26.6
2023-04-10,56.1,26.6
2023-04-11,87.8,26.6
2023-04-12,121,26.6
2023-04-13,181,26.5
2023-04-14,221,25.8
2023-04-15,208,26.5
2023-04-16,178,26.5
2023-04-17,184,26.4
2023-04-18,144,26.4
2023-04-19,165,25.8
2023-04-20,166,26.5
2023-04-21,135,26.5
2023-04-22,80.6,26.6
2023-04-23,75,26.7
2023-04-24,120,26.7
2023-04-25,120,26.9
2023-04-26,140,27.3
2023-04-27,151,27.3
2023-04-28,185,28.2
2023-04-29,190,28.2
2023-04-30,216,28.2
2023-05-01,282,28.2
2023-05-02,282,27.5
2023-05-03,320,26.7
2023-05-04,485,25.9
2023-05-05,627,25.2
2023-05-06,824,24.7
2023-05-07,775,24.2
2023-05-08,803,24.5
2023-05-09,836,24.4
2023-05-10,781,24.1
2023-05-11,685,23.3
2023-05-12,672,23.4
2023-05-13,533,23.7
2023-05-14,672,23.3
2023-05-15,1020,22.6
2023-05-16,1110,22.2
2023-05-17,1460,22
2023-05-18,1450,20.6
2023-05-19,1550,20.2
2023-05-20,1350,19.7
2023-05-21,1420,19.5
2023-05-22,1450,18.8
2023-05-23,1380,18.2
2023-05-24,1370,17.6
2023-05-25,1420,17.4
2023-05-26,1560,16.9
2023-05-27,1510,16.3
2023-05-28,1490,15.5
2023-05-29,1350,15
2023-05-30,1230,14.3
2023-05-31,1210,13.6
2023-06-01,1120,12.9
2023-06-02,1180,12.4
2023-06-03,1200,12.2
2023-06-04,1530,11.8
2023-06-05,2020,11.6
2023-06-06,2050,11.4
2023-06-07,1830,10.8
2023-06-08,1990,10.4
2023-06-09,1920,9.1
2023-06-10,1770,8.1
2023-06-11,1660,7.8
2023-06-12,1850,6.6
2023-06-13,2000,6.1
2023-06-14,2190,5.7
2023-06-15,2130,4.3
2023-06-16,2250,3
2023-06-17,2520,1.9
2023-06-18,2400,0.8
2023-06-19,2180,0.2
2023-06-20,2090,0
2023-06-21,1980,0
2023-06-22,1990,0
2023-06-23,1990,0
2023-06-24,1850,0
2023-06-25,1640,0
2023-06-26,1440,0
2023-06-27,1290,0
2023-06-28,1210,0
2023-06-29,1090,0
2023-06-30,1160,0
2023-07-01,1390,0
2023-07-02,1300,0
2023-07-03,1240,0
2023-07-04,1220,0
2023-07-05,1280,0
2023-07-06,1260,0
2023-07-07,1170,0
2023-07-08,1130,0
2023-07-09,1070,0
2023-07-10,959,0
2023-07-11,857,0
2023-07-12,775,0
2023-07-13,739,0
2023-07-14,787,0
2023-07-15,786,0
2023-07-16,661,0
2023-07-17,638,0
2023-07-18,593,0
2023-07-19,570,0
2023-07-20,596,0
2023-07-21,664,0
2023-07-22,592,0
2023-07-23,541,0
2023-07-24,545,0
2023-07-25,515,0
2023-07-26,465,0
2023-07-27,438,0
2023-07-28,413,0
2023-07-29,408,0
2023-07-30,392,0
2023-07-31,433,0
2023-08-01,593,0
2023-08-02,546,0
2023-08-03,629,0
2023-08-04,615,0
2023-08-05,506,0
2023-08-06,465,0
2023-08-07,476,0
2023-08-08,425,0
2023-08-09,390,0
2023-08-10,360,0
2023-08-11,335,0
2023-08-12,311,0
2023-08-13,305,0
2023-08-14,300,0
2023-08-15,286,0
2023-08-16,269,0
2023-08-17,258,0
2023-08-18,249,0
2023-08-19,237,0
2023-08-20,238,0
2023-08-21,224,0
2023-08-22,206,0
2023-08-23,183,0
2023-08-24,192,0
2023-08-25,255,0
2023-08-26,279,0
2023-08-27,242,0
2023-08-28,242,0
2023-08-29,248,0
2023-08-30,212,0
2023-08-31,162,0
2023-09-01,113,0
2023-09-02,96.8,0
2023-09-03,85.1,0
2023-09-04,179,0
2023-09-05,172,0
2023-09-06,115,0
2023-09-07,113,0
2023-09-08,95,0
2023-09-09,76,0
2023-09-10,70.8,0
2023-09-11,56,0
2023-09-12,55.6,0
2023-09-13,36.9,0
2023-09-14,48.7,0
2023-09-15,96.3,0
2023-09-16,65.4,0
2023-09-17,30.9,0
2023-09-18,30.6,0
2023-09-19,22.7,0
2023-09-20,31.8,0
2023-09-21,33.7,0
2023-09-22,22.6,0
2023-09-23,42.1,0
2023-09-24,44.4,0
2023-09-25,41.8,0
2023-09-26,33.5,0
2023-09-27,33.7,0
2023-09-28,32.6,0
2023-09-29,19.6,0
2023-09-30,29.9,0
2023-10-01,33.2,0
2023-10-02,25.6,0
2023-10-03,31.3,0
2023-10-04,39.7,0
2023-10-05,30.4,0
2023-10-06,17,0
2023-10-07,29.2,0
2023-10-08,44.3,0
2023-10-09,55.4,0
2023-10-10,68.8,0
2023-10-11,55.8,0
2023-10-12,66.5,0.3
2023-10-13,77.5,1.2
2023-10-14,84.2,1.2
2023-10-15,84.9,1.2
2023-10-16,83.1,1.2
2023-10-17,82.4,0.9
2023-10-18,80.1,0.6
2023-10-19,78.6,0.2
2023-10-20,74,0.1
2023-10-21,72.9,0
2023-10-22,74.8,0
2023-10-23,75.6,0
2023-10-24,76.3,0
2023-10-25,77,0
2023-10-26,72.7,0
2023-10-27,77.1,0.2
2023-10-28,87,0.3
2023-10-29,97,0.9
2023-10-30,71.2,0.9
2023-10-31,50.6,0.9
2023-11-01,71.5,1
2023-11-02,72.5,1
2023-11-03,68.5,1
2023-11-04,65.7,1
2023-11-05,65.6,1
2023-11-06,70.9,1
2023-11-07,65.3,0.9
2023-11-08,66.7,0.9
2023-11-09,61.6,1.1
2023-11-10,43.3,1.2
2023-11-11,43.1,1.2
2023-11-12,57.4,1.3
2023-11-13,53.7,1.4
2023-11-14,61.7,1.5
2023-11-15,58.8,1.6
2023-11-16,57.8,1.7
2023-11-17,58.6,1.8
2023-11-18,59,1.8
2023-11-19,60.4,2.2
2023-11-20,62.2,2.2
2023-11-21,58.1,2.4
2023-11-22,48.4,2.4
2023-11-23,58.9,2.4
2023-11-24,94.6,2.4
2023-11-25,55.9,2.5
2023-11-26,55.5,2.6
2023-11-27,42.9,2.7
2023-11-28,61.8,2.8
2023-11-29,80.3,2.8
2023-11-30,97.2,3
2023-12-01,94.5,3.1
2023-12-02,95.1,3.2
2023-12-03,87.7,3.3
2023-12-04,35.2,3.9
2023-12-05,0,3.9
2023-12-06,0,3.9
2023-12-07,0,3.9
2023-12-08,0,3.9
2023-12-09,0,4
2023-12-10,0,4
2023-12-11,0,4.3
2023-12-12,0,4.3
2023-12-19,0,4.4
2023-12-20,0,4.4
2023-12-21,0,4.4
2023-12-22,0,4.5
2023-12-23,0,4.5
2023-12-24,0,4.9
2023-12-25,0,5
2023-12-26,0,5
2023-12-27,0,5.3
2023-12-28,0,5.3
2023-12-29,0,5.3
2023-12-30,0,5.3
2023-12-31,0,5.3
